,dt,actual
1,2018-03-02,2876.94217579384
2,2018-03-03,1979.19433473055
3,2018-03-04,2799.41818043615
4,2018-03-05,1769.67272574514
5,2018-03-06,1424.97234118757
6,2018-03-07,1741.0675953676
7,2018-03-08,2590.87539997376
8,2018-03-09,1954.13443863563
9,2018-03-10,2384.54557426462
10,2018-03-11,1398.91051178119
11,2018-03-12,1357.62405050036
12,2018-03-13,1408.26126095868
13,2018-03-14,2173.85013506065
14,2018-03-15,2237.24842955204
15,2018-03-16,2677.01238134641
16,2018-03-17,1818.40722952673
17,2018-03-18,1315.22699679215
18,2018-03-19,2117.17784800946
19,2018-03-20,2173.5460355577
20,2018-03-21,2913.21017837421
21,2018-03-22,2144.65215780134
22,2018-03-23,1757.87987285341
23,2018-03-24,1390.9746830243
24,2018-03-25,1615.61243968109
25,2018-03-26,2179.01680460475
26,2018-03-27,2407.74721321001
27,2018-03-28,2310.17865214265
28,2018-03-29,1441.00291204024
29,2018-03-30,1754.8887794594
30,2018-03-31,2053.59511421281
31,2018-04-01,2827.36752467798
32,2018-04-02,2256.86800435175
33,2018-04-03,1944.39632686945
34,2018-04-04,1607.45074412934
35,2018-04-05,1749.42262809874
36,2018-04-06,1598.87693354384
37,2018-04-07,2351.88743796733
38,2018-04-08,2177.85778134509
39,2018-04-09,2539.95121776638
40,2018-04-10,1126.9608979965
41,2018-04-11,1948.16429043254
42,2018-04-12,1121.4987658926
43,2018-04-13,3184.96109922567
44,2018-04-14,2127.7750901658
45,2018-04-15,2810.70176412224
46,2018-04-16,1432.65880941898
47,2018-04-17,1656.3716911096
48,2018-04-18,1592.17259996401
49,2018-04-19,2323.19411918866
50,2018-04-20,1634.56769161974
51,2018-04-21,2225.30909605823
52,2018-04-22,1433.41134017941
53,2018-04-23,1291.22517145621
54,2018-04-24,1716.03184407681
55,2018-04-25,2335.36651135058
56,2018-04-26,2284.53253216573
57,2018-04-27,2395.6304295214
58,2018-04-28,1554.26001304954
59,2018-04-29,1441.78737383393
60,2018-04-30,1924.45043600177
61,2018-05-01,2622.2622433318
62,2018-05-02,2220.38515233631
63,2018-05-03,2335.70812518493
64,2018-05-04,984.110656696345
65,2018-05-05,1117.48024278285
66,2018-05-06,1769.01346083
67,2018-05-07,1815.64734309289
68,2018-05-08,2254.73457166877
69,2018-05-09,2002.66176614728
70,2018-05-10,1751.74755978318
71,2018-05-11,1426.42734233187
72,2018-05-12,1441.52771709583
73,2018-05-13,2394.87016828591
74,2018-05-14,2693.77514527232
75,2018-05-15,2345.80342276219
76,2018-05-16,1423.5297300421
77,2018-05-17,1884.56873730449
78,2018-05-18,1199.92689669125
79,2018-05-19,1919.12881185665
80,2018-05-20,1998.09864681989
81,2018-05-21,2065.65924351655
82,2018-05-22,1149.34296465845
83,2018-05-23,1373.87672853557
84,2018-05-24,1563.72323994195
85,2018-05-25,2104.59348486725
86,2018-05-26,1975.75283560578
87,2018-05-27,2327.58669698215
88,2018-05-28,1457.78016823057
89,2018-05-29,1793.92346780949
90,2018-05-30,1219.72279805929
91,2018-05-31,1489.92909330937
92,2018-06-01,2222.86189039667
93,2018-06-02,1118.13907877175
94,2018-06-03,870.054703576624
95,2018-06-04,461.940049803629
96,2018-06-05,869.231488531252
97,2018-06-06,1586.32189830328
98,2018-06-07,1730.08959486415
99,2018-06-08,1607.96658809371
100,2018-06-09,807.196753341349
101,2018-06-10,860.284718070669
102,2018-06-11,565.47724734851
103,2018-06-12,1421.04329254091
104,2018-06-13,857.047826831418
105,2018-06-14,1623.08062121942
106,2018-06-15,812.246416180881
107,2018-06-16,1262.40785864522
108,2018-06-17,1142.89641068406
109,2018-06-18,998.708089133353
110,2018-06-19,1082.28345996689
111,2018-06-20,1461.43041802585
112,2018-06-21,1030.2220626155
113,2018-06-22,1270.96788951507
114,2018-06-23,1117.0381168425
115,2018-06-24,1816.32104111647
116,2018-06-25,1756.03366931368
117,2018-06-26,2170.20694474852
118,2018-06-27,953.873663680911
119,2018-06-28,599.285257691797
120,2018-06-29,760.399695253319
121,2018-06-30,1333.55840857425
122,2018-07-01,1699.22975671543
123,2018-07-02,1162.90472148973
124,2018-07-03,667.094947580055
125,2018-07-04,596.875859095702
126,2018-07-05,560.566579772948
127,2018-07-06,1505.94510192089
128,2018-07-07,1111.52086640229
129,2018-07-08,1502.38105964429
130,2018-07-09,653.679880107672
131,2018-07-10,701.85514628088
132,2018-07-11,919.010960237746
133,2018-07-12,1185.77417962684
134,2018-07-13,1524.16121913563
135,2018-07-14,1463.46965265842
136,2018-07-15,664.911684260251
137,2018-07-16,654.019493765256
138,2018-07-17,1115.58071440359
139,2018-07-18,1464.32340715487
140,2018-07-19,1724.68810124885
141,2018-07-20,1444.56800295526
142,2018-07-21,700.910749040888
143,2018-07-22,696.760209656884
144,2018-07-23,1001.22215641627
145,2018-07-24,1142.69486165868
146,2018-07-25,1076.62183809447
147,2018-07-26,1444.36847681692
148,2018-07-27,891.080724469923
149,2018-07-28,671.876321858579
150,2018-07-29,754.804154869178
151,2018-07-30,1800.95870460044
152,2018-07-31,1562.12313840375
153,2018-08-01,923.764647556432
154,2018-08-02,798.982273854472
155,2018-08-03,947.431027643696
156,2018-08-04,878.912816193196
157,2018-08-05,1326.17489439214
158,2018-08-06,1348.5862180256
159,2018-08-07,1797.87928573735
160,2018-08-08,871.749093526948
161,2018-08-09,730.911042799852
162,2018-08-10,853.361200378946
163,2018-08-11,1592.55352840559
164,2018-08-12,2128.05651428834
165,2018-08-13,1268.75846937405
166,2018-08-14,1427.98708487233
167,2018-08-15,1071.26252972896
168,2018-08-16,1023.72837809848
169,2018-08-17,1399.90656065925
170,2018-08-18,1588.24755821564
171,2018-08-19,1804.55900233386
172,2018-08-20,894.953762036787
173,2018-08-21,996.562781284025
174,2018-08-22,612.562329536197
175,2018-08-23,1709.076830519
176,2018-08-24,1300.44239246219
177,2018-08-25,1590.56547300759
178,2018-08-26,1127.63730304482
179,2018-08-27,888.87995507298
180,2018-08-28,1194.40110267384
181,2018-08-29,1148.36702240579
182,2018-08-30,1651.85674668319
183,2018-08-31,1593.19580096783
184,2018-09-01,817.087301640122
185,2018-09-02,2853.59364089083
186,2018-09-03,2579.46594315879
187,2018-09-04,3186.56764550523
188,2018-09-05,3228.41116397883
189,2018-09-06,3285.02560697617
190,2018-09-07,2302.61191965584
191,2018-09-08,1552.96673033546
192,2018-09-09,2189.58626618381
193,2018-09-10,2955.35715724974
194,2018-09-11,2566.56210702404
195,2018-09-12,3055.319698887
196,2018-09-13,2379.25106839441
197,2018-09-14,2404.69802388698
198,2018-09-15,2074.03553771502
199,2018-09-16,3413.98633360222
200,2018-09-17,3174.54238951364
201,2018-09-18,3343.76909794418
202,2018-09-19,2090.17018158431
203,2018-09-20,2807.0778768959
204,2018-09-21,2746.679429775
205,2018-09-22,2755.94963220808
206,2018-09-23,2657.93153557608
207,2018-09-24,3653.58085532145
208,2018-09-25,1841.33321204631
209,2018-09-26,2015.5130060689
210,2018-09-27,2767.51781709373
211,2018-09-28,4030.12044163156
212,2018-09-29,3283.41867371141
213,2018-09-30,4014.83314561399
214,2018-10-01,2776.18462920778
215,2018-10-02,1857.42216529179
216,2018-10-03,2043.77631298988
217,2018-10-04,2625.86784390752
218,2018-10-05,2840.99873239442
219,2018-10-06,3339.63444365592
220,2018-10-07,1512.91656672036
221,2018-10-08,2459.87754708683
222,2018-10-09,1986.87226599602
223,2018-10-10,2374.98234153699
224,2018-10-11,2062.60491350923
225,2018-10-12,3034.79068496131
226,2018-10-13,1993.39515720427
227,2018-10-14,1761.21850765078
228,2018-10-15,1998.44066960884
229,2018-10-16,2588.18042245494
230,2018-10-17,2894.28014287762
231,2018-10-18,3080.65496236248
232,2018-10-19,2033.17059167098
233,2018-10-20,1649.39268440385
234,2018-10-21,1824.65772525042
235,2018-10-22,2749.22562809258
236,2018-10-23,2500.87583317429
237,2018-10-24,3177.73945804294
238,2018-10-25,1962.93817298724
239,2018-10-26,2053.98633895306
240,2018-10-27,1913.88202084324
241,2018-10-28,2648.44063538519
242,2018-10-29,2691.68980984279
243,2018-10-30,3085.84405461843
244,2018-10-31,1753.14982341279
245,2018-11-01,2389.95373463323
246,2018-11-02,2454.57643945395
247,2018-11-03,3424.94612807557
248,2018-11-04,2949.34014309492
249,2018-11-05,2958.84989502788
250,2018-11-06,1849.55334024209
251,2018-11-07,1911.07053930484
252,2018-11-08,1701.01370219761
253,2018-11-09,3569.45734868363
254,2018-11-10,3513.15131166522
255,2018-11-11,3458.6954856452
256,2018-11-12,2551.17721446626
257,2018-11-13,2501.61012701823
258,2018-11-14,2688.54455641219
259,2018-11-15,3135.43547760293
260,2018-11-16,3869.57613770694
261,2018-11-17,3662.20395599487
262,2018-11-18,1905.00875515971
263,2018-11-19,2183.40940897683
264,2018-11-20,2204.57534376982
265,2018-11-21,2575.56381331366
266,2018-11-22,3540.80337866167
267,2018-11-23,3215.28178909485
268,2018-11-24,1971.83258461534
269,2018-11-25,1981.37003877532
270,2018-11-26,2467.06123184474
271,2018-11-27,3104.32242180188
272,2018-11-28,3721.18907465914
273,2018-11-29,2993.81847129842
274,2018-11-30,2627.58188006484
275,2018-12-01,2760.92641660797
276,2018-12-02,1868.79133671313
277,2018-12-03,2723.40494699729
278,2018-12-04,2572.34765654186
279,2018-12-05,2773.19229429485
280,2018-12-06,1795.14302865274
281,2018-12-07,2318.75799882086
282,2018-12-08,1639.62961664049
283,2018-12-09,2264.16641463044
284,2018-12-10,3183.27620776663
285,2018-12-11,3343.44923942138
286,2018-12-12,1702.16665193795
287,2018-12-13,2093.91919755333
288,2018-12-14,1669.28917320512
289,2018-12-15,3095.18796410812
290,2018-12-16,3030.69104186563
291,2018-12-17,2881.4061308323
292,2018-12-18,2191.68008392237
293,2018-12-19,1869.83315451186
294,2018-12-20,2069.16318156603
295,2018-12-21,2441.54391675036
296,2018-12-22,2790.24820853946
297,2018-12-23,3157.30888001231
298,2018-12-24,1764.85129608324
299,2018-12-25,1828.70892196597
300,2018-12-26,1980.92779203042
301,2018-12-27,2726.70002176373
302,2018-12-28,2605.26998031914
303,2018-12-29,2668.53327123287
304,2018-12-30,2024.66159833057
305,2018-12-31,4599.1027269023
306,2019-01-01,4164.57249860334
307,2019-01-02,3291.00994730007
308,2019-01-03,3194.56627022271
309,2019-01-04,3202.91331398298
310,2019-01-05,2254.31488103333
311,2019-01-06,2115.02052673667
312,2019-01-07,2096.46856871418
313,2019-01-08,3036.48489561348
314,2019-01-09,3452.39246741616
315,2019-01-10,2861.88527453744
316,2019-01-11,1830.30673139158
317,2019-01-12,2734.51704572083
318,2019-01-13,2429.3181724731
319,2019-01-14,3000.62193805811
320,2019-01-15,3223.66036434891
321,2019-01-16,3051.78214982516
322,2019-01-17,2058.47348470863
323,2019-01-18,2020.87248765278
324,2019-01-19,1875.32030389684
325,2019-01-20,2813.39522937663
326,2019-01-21,2733.76585950867
327,2019-01-22,2998.13890837522
328,2019-01-23,2133.6194652108
329,2019-01-24,2413.71991033185
330,2019-01-25,1958.30872792251
331,2019-01-26,2627.0351199139
332,2019-01-27,4116.6872815308
333,2019-01-28,3618.69062962877
334,2019-01-29,2028.66860725535
335,2019-01-30,1918.89896548131
336,2019-01-31,2465.17067198219
337,2019-02-01,3889.49034020339
338,2019-02-02,3242.22299974614
339,2019-02-03,3369.98008220609
340,2019-02-04,2147.69752033412
341,2019-02-05,2120.56352276561
342,2019-02-06,2068.05325275064
343,2019-02-07,3239.70657015371
344,2019-02-08,3543.51182597603
345,2019-02-09,3254.71045343409
346,2019-02-10,1834.58702694459
347,2019-02-11,2230.3914601004
348,2019-02-12,2325.7912605926
349,2019-02-13,3286.20754381865
350,2019-02-14,3255.28456722985
351,2019-02-15,3089.50362827067
352,2019-02-16,2152.69016783866
353,2019-02-17,2462.62212241325
354,2019-02-18,2274.66121565626
355,2019-02-19,3395.5675766242
356,2019-02-20,3254.8038031531
357,2019-02-21,3804.04736143007
358,2019-02-22,2360.50769306138
359,2019-02-23,2210.60548757419
360,2019-02-24,2738.76710577937
361,2019-02-25,3711.1020860301
362,2019-02-26,3806.16246033695
363,2019-02-27,3368.7220606213
364,2019-02-28,1958.74034791207
365,2019-03-01,2352.66925133722
366,2019-03-02,2513.31945200761
367,2019-03-03,3097.71410203126
368,2019-03-04,3441.85423794241
369,2019-03-05,3153.51669810255
370,2019-03-06,2682.91923834083
371,2019-03-07,2505.77049254372
372,2019-03-08,2284.76665418996
373,2019-03-09,3154.32902693301
374,2019-03-10,3410.34006262922
375,2019-03-11,3637.80944654451
376,2019-03-12,1979.66453981131
377,2019-03-13,2910.0160600383
378,2019-03-14,2691.43093300821
379,2019-03-15,2936.37749719655
380,2019-03-16,4182.22476114287
381,2019-03-17,3277.0879603786
382,2019-03-18,3239.36863431483
383,2019-03-19,2536.28961250869
384,2019-03-20,2546.569365806
385,2019-03-21,3098.52896176515
386,2019-03-22,3880.15410810307
387,2019-03-23,3758.12884925023
388,2019-03-24,2583.62941997885
389,2019-03-25,2426.94809505199
390,2019-03-26,2435.59193826062
391,2019-03-27,3775.36103437237
392,2019-03-28,3228.0192434545
393,2019-03-29,3594.47894028867
394,2019-03-30,2634.0922357091
395,2019-03-31,2507.04513405938
396,2019-04-01,2210.18189666173
397,2019-04-02,3356.92854774757
398,2019-04-03,3405.04320832698
399,2019-04-04,3776.42683788568
400,2019-04-05,2337.94028851915
401,2019-04-06,2042.06172589448
402,2019-04-07,2545.61951422039
403,2019-04-08,4006.12567964696
404,2019-04-09,3777.03520458161
405,2019-04-10,3741.70290620911
406,2019-04-11,3013.87518583288
407,2019-04-12,2532.68710238533
408,2019-04-13,2643.90408862574
409,2019-04-14,3632.04973782431
410,2019-04-15,4168.8950163013
411,2019-04-16,4036.41989098383
412,2019-04-17,2747.50657784803
413,2019-04-18,1824.70856933159
414,2019-04-19,2258.13397074574
415,2019-04-20,3013.96818233671
416,2019-04-21,3570.94327048819
417,2019-04-22,3826.53274526371
418,2019-04-23,3129.31096290066
419,2019-04-24,2187.07832882359
420,2019-04-25,2942.67050995953
421,2019-04-26,3768.31029430374
422,2019-04-27,3378.99197472011
423,2019-04-28,3744.95501136288
424,2019-04-29,2510.22157375008
425,2019-04-30,2362.27555128036
426,2019-05-01,2226.55036987419
427,2019-05-02,2923.01107872983
428,2019-05-03,3659.87679622323
429,2019-05-04,4071.10483539527
430,2019-05-05,1589.16167590071
431,2019-05-06,1614.13667962395
432,2019-05-07,2131.38152493165
433,2019-05-08,3432.27082938284
434,2019-05-09,3740.52437327881
435,2019-05-10,3765.57562880552
436,2019-05-11,2433.10674767541
437,2019-05-12,2879.61118336507
438,2019-05-13,2406.45331231023
439,2019-05-14,3211.32747096619
440,2019-05-15,3574.03685070475
441,2019-05-16,3595.83890952887
442,2019-05-17,2329.10760739607
443,2019-05-18,2709.63039224398
444,2019-05-19,2893.77772145816
445,2019-05-20,3170.43248016337
446,2019-05-21,3880.15603678137
447,2019-05-22,3408.46984431808
448,2019-05-23,2385.37211943244
449,2019-05-24,2578.47978896923
450,2019-05-25,1840.31186767378
451,2019-05-26,3264.86792262412
452,2019-05-27,4615.06634414739
453,2019-05-28,4061.76465119582
454,2019-05-29,2357.53023122089
455,2019-05-30,2701.183165642
456,2019-05-31,2707.78417967332
457,2019-06-01,2860.6083421152
458,2019-06-02,2325.65128806668
459,2019-06-03,2923.41374494534
460,2019-06-04,2162.73626844042
461,2019-06-05,1638.19702431984
462,2019-06-06,1808.08000861854
463,2019-06-07,1931.49643497051
464,2019-06-08,2488.48769346905
465,2019-06-09,2553.1266278773
466,2019-06-10,1529.62680472277
467,2019-06-11,1394.56969222965
468,2019-06-12,1407.95135215479
469,2019-06-13,1806.63593954757
470,2019-06-14,2453.52913708122
471,2019-06-15,2352.73818588509
472,2019-06-16,1776.26899012018
473,2019-06-17,1449.74287090854
474,2019-06-18,1448.78183861697
475,2019-06-19,2571.39274604315
476,2019-06-20,2267.67988437652
477,2019-06-21,2823.28183772421
478,2019-06-22,1507.72215128147
479,2019-06-23,1458.9041833747
480,2019-06-24,1843.38442941407
481,2019-06-25,2266.98821539433
482,2019-06-26,2261.21200578107
483,2019-06-27,2227.66004576675
484,2019-06-28,1544.7299726354
485,2019-06-29,1457.53335874317
486,2019-06-30,1813.16987725177
487,2019-07-01,2083.86166621035
488,2019-07-02,2291.56682704272
489,2019-07-03,2311.06942649303
490,2019-07-04,1204.63672611214
491,2019-07-05,1457.91537597942
492,2019-07-06,1399.51348798531
493,2019-07-07,1821.13898174595
494,2019-07-08,2039.74509262783
495,2019-07-09,2190.00055177837
496,2019-07-10,1318.84568766955
497,2019-07-11,1617.77969802714
498,2019-07-12,1159.28711526517
499,2019-07-13,2707.7627685365
500,2019-07-14,1744.8057799039
501,2019-07-15,2327.59038513123
502,2019-07-16,1368.84208847861
503,2019-07-17,1406.23753390807
504,2019-07-18,1389.222384458
505,2019-07-19,1821.32705049269
506,2019-07-20,2412.23904328427
507,2019-07-21,2201.8891849067
508,2019-07-22,1190.53760714836
509,2019-07-23,1785.3702125359
510,2019-07-24,1277.76239296687
511,2019-07-25,1927.81820504576
512,2019-07-26,2190.16639079953
513,2019-07-27,2074.3294805338
514,2019-07-28,1020.87157313976
515,2019-07-29,1527.97504224121
516,2019-07-30,1773.25067425955
517,2019-07-31,2209.80562513122
518,2019-08-01,2290.52851895251
519,2019-08-02,2388.8896915717
520,2019-08-03,2061.61729910613
521,2019-08-04,1914.39227361347
522,2019-08-05,1639.12810880869
523,2019-08-06,1639.04059359421
524,2019-08-07,1987.77951189448
525,2019-08-08,2586.81640663266
526,2019-08-09,1722.14724823429
527,2019-08-10,1812.1649728793
528,2019-08-11,1498.9992649229
529,2019-08-12,2570.1225939676
530,2019-08-13,2721.17820807192
531,2019-08-14,3506.97148746442
532,2019-08-15,1409.65994328054
533,2019-08-16,1730.02684235314
534,2019-08-17,1438.65773730558
535,2019-08-18,2840.06164824932
536,2019-08-19,2639.2605669709
537,2019-08-20,2789.09370870389
538,2019-08-21,1369.52947642463
539,2019-08-22,1528.43551536795
540,2019-08-23,1763.76282153984
541,2019-08-24,2453.63656548092
542,2019-08-25,2574.31091047456
543,2019-08-26,2509.51427471849
544,2019-08-27,1886.21041862071
545,2019-08-28,1740.02593263002
546,2019-08-29,1388.09608460267
547,2019-08-30,2564.33092118471
548,2019-08-31,3140.49165231744
549,2019-09-01,3017.00869071849
550,2019-09-02,3296.90721267284
551,2019-09-03,3457.57589651469
552,2019-09-04,3670.2332014491
553,2019-09-05,4496.6621516019
554,2019-09-06,4691.62092194952
555,2019-09-07,5556.36090528584
556,2019-09-08,2634.38865307111
557,2019-09-09,3203.07972614861
558,2019-09-10,3394.50632093346
559,2019-09-11,4775.06968771166
560,2019-09-12,4817.40920393743
561,2019-09-13,4706.77380325184
562,2019-09-14,2747.16121982
563,2019-09-15,3776.42094841038
564,2019-09-16,2999.69559999255
565,2019-09-17,4516.8253505105
566,2019-09-18,5311.99918278662
567,2019-09-19,4748.4216894895
568,2019-09-20,2911.78565814578
569,2019-09-21,3437.09696393175
570,2019-09-22,3833.9367809651
571,2019-09-23,4776.74273059915
572,2019-09-24,5038.45512235565
573,2019-09-25,5715.15645353353
574,2019-09-26,3449.36056943281
575,2019-09-27,2574.54800638766
576,2019-09-28,3896.787537022
577,2019-09-29,4113.80085686176
578,2019-09-30,5688.89745578976
579,2019-10-01,5257.29433922836
580,2019-10-02,3032.98075134903
581,2019-10-03,2482.94594481461
582,2019-10-04,2873.79110193285
583,2019-10-05,3491.04874136627
584,2019-10-06,4319.2342527701
585,2019-10-07,4993.03483499533
586,2019-10-08,3066.90661160316
587,2019-10-09,2428.88222777295
588,2019-10-10,2756.62970131587
589,2019-10-11,3974.32719232513
590,2019-10-12,3920.0521114991
591,2019-10-13,4200.99227525433
592,2019-10-14,3506.58090836254
593,2019-10-15,3099.15394180134
594,2019-10-16,3513.71087979877
595,2019-10-17,5051.84355350474
596,2019-10-18,3982.0330653247
597,2019-10-19,4134.41796324772
598,2019-10-20,2731.61442253841
599,2019-10-21,3143.90966039522
600,2019-10-22,2506.02101556628
601,2019-10-23,3498.17759811401
602,2019-10-24,4329.75746848806
603,2019-10-25,4754.74843873012
604,2019-10-26,2993.78514594716
605,2019-10-27,2512.93557823571
606,2019-10-28,3009.17123686673
607,2019-10-29,3994.27682986298
608,2019-10-30,4321.83879793632
609,2019-10-31,4458.8565807486
610,2019-11-01,3050.62044478804
611,2019-11-02,2924.91562995868
612,2019-11-03,3261.25851897099
613,2019-11-04,4923.16188313534
614,2019-11-05,4807.16814526368
615,2019-11-06,3889.24614579016
616,2019-11-07,3511.2774535796
617,2019-11-08,2931.72322234714
618,2019-11-09,3432.30575338014
619,2019-11-10,4417.94879886165
620,2019-11-11,4649.081077684
621,2019-11-12,5201.31135056673
622,2019-11-13,2914.15709963077
623,2019-11-14,2942.25374429338
624,2019-11-15,3265.97386165361
625,2019-11-16,4168.43902851473
626,2019-11-17,3950.16106714249
627,2019-11-18,4189.98382545502
628,2019-11-19,3068.57698045703
629,2019-11-20,3873.30416714833
630,2019-11-21,2699.87378562143
631,2019-11-22,5322.48906420368
632,2019-11-23,3780.37126553713
633,2019-11-24,4487.52165132281
634,2019-11-25,3183.93972737625
635,2019-11-26,3762.17669405592
636,2019-11-27,3696.64431563715
637,2019-11-28,3906.43142226363
638,2019-11-29,5324.21277896857
639,2019-11-30,5115.06911471014
640,2019-12-01,3046.66356648553
641,2019-12-02,3053.7214593351
642,2019-12-03,2425.32054575835
643,2019-12-04,4380.2061439461
644,2019-12-05,4000.51082546081
645,2019-12-06,4453.75484039633
646,2019-12-07,2633.15013704266
647,2019-12-08,2540.27989625226
648,2019-12-09,2474.38954372606
649,2019-12-10,3939.56960717543
650,2019-12-11,3739.33020391499
651,2019-12-12,3736.22819446137
652,2019-12-13,2543.675909536
653,2019-12-14,1973.44610004271
654,2019-12-15,2811.1762132789
655,2019-12-16,2947.69856062528
656,2019-12-17,4199.09601709385
657,2019-12-18,4368.04597285278
658,2019-12-19,2740.2976856927
659,2019-12-20,2423.55608197962
660,2019-12-21,2960.1246407533
661,2019-12-22,3376.26059282388
662,2019-12-23,3960.08959947116
663,2019-12-24,4102.23050175947
664,2019-12-25,3202.86381803944
665,2019-12-26,2934.17624010833
666,2019-12-27,2823.51340369059
667,2019-12-28,5107.45425559939
668,2019-12-29,4127.68270699308
669,2019-12-30,4558.25761710368
670,2019-12-31,6523.78739884002
671,2020-01-01,5109.13342116313
672,2020-01-02,3723.57558588967
673,2020-01-03,4152.91397762166
674,2020-01-04,4017.49301661526
675,2020-01-05,5001.2706114605
676,2020-01-06,3389.59760096994
677,2020-01-07,3012.52922142937
678,2020-01-08,3391.1083276536
679,2020-01-09,3874.98031473464
680,2020-01-10,4593.4237156791
681,2020-01-11,4750.48449153759
682,2020-01-12,3063.52916931406
683,2020-01-13,3709.730950409
684,2020-01-14,3392.08454755868
685,2020-01-15,4130.74153031358
686,2020-01-16,4560.97544866336
687,2020-01-17,5335.06638070752
688,2020-01-18,3650.20861515983
689,2020-01-19,2733.34319592261
690,2020-01-20,3222.3381773315
691,2020-01-21,4397.58592841587
692,2020-01-22,4753.8553837018
693,2020-01-23,4734.87631942918
694,2020-01-24,3264.75358974892
695,2020-01-25,2748.25309720567
696,2020-01-26,3515.21980263237
697,2020-01-27,3740.80414889109
698,2020-01-28,4431.26334267911
699,2020-01-29,4394.18710057814
700,2020-01-30,3015.80269307503
701,2020-01-31,3388.57712792945
702,2020-02-01,3685.65087331358
703,2020-02-02,4554.77366229512
704,2020-02-03,4350.520345822
705,2020-02-04,4517.81930382526
706,2020-02-05,3512.35795479322
707,2020-02-06,3455.36317411958
708,2020-02-07,3549.5346511693
709,2020-02-08,5431.21362963965
710,2020-02-09,4008.94102703838
711,2020-02-10,4626.32287949605
712,2020-02-11,3062.18432276404
713,2020-02-12,3559.40404317131
714,2020-02-13,3677.35016946202
715,2020-02-14,5155.13961746242
716,2020-02-15,3454.0100785317
717,2020-02-16,5157.11642481223
718,2020-02-17,3927.28079110116
719,2020-02-18,3444.50344965929
720,2020-02-19,2936.47148220134
721,2020-02-20,4881.26257343502
722,2020-02-21,5249.27174303738
723,2020-02-22,5210.65684355093
724,2020-02-23,3481.36687960846
725,2020-02-24,3856.61489161613
726,2020-02-25,4206.04796729467
727,2020-02-26,3568.08396767703
728,2020-02-27,4699.07024619588
729,2020-02-28,5334.3237470252
730,2020-02-29,3362.51254366038
731,2020-03-01,4583.96056472357
732,2020-03-02,4307.95338927472
733,2020-03-03,4653.16055427425
734,2020-03-04,5037.31515656549
735,2020-03-05,5086.0732735135
736,2020-03-06,3976.57894061101
737,2020-03-07,3433.3529042296
738,2020-03-08,3186.3444359979
739,2020-03-09,4291.42535640162
740,2020-03-10,5006.28318963567
741,2020-03-11,5010.31846419158
742,2020-03-12,3267.17893394874
743,2020-03-13,3867.16691827984
744,2020-03-14,3268.65924416206
745,2020-03-15,4045.30900067146
746,2020-03-16,9777.50268896729
747,2020-03-17,12210.2179871927
748,2020-03-18,7665.03267550707
749,2020-03-19,9035.08819496073
750,2020-03-20,8890.49829881195
751,2020-03-21,8562.69564232828
752,2020-03-22,10269.0234491583
753,2020-03-23,9485.29995514311
754,2020-03-24,8139.59178865801
755,2020-03-25,9367.639805807
756,2020-03-26,7105.16692292293
757,2020-03-27,8054.3996872974
758,2020-03-28,8395.7905997063
759,2020-03-29,8325.24472766188
760,2020-03-30,8313.40576427843
761,2020-03-31,7249.61591679339
762,2020-04-01,6578.53624086131
763,2020-04-02,7933.03261219889
764,2020-04-03,7642.33295616432
765,2020-04-04,11193.6697372124
766,2020-04-05,7214.17518740058
767,2020-04-06,6322.81956977675
768,2020-04-07,7170.43875741814
769,2020-04-08,8742.12627234812
770,2020-04-09,9282.39958284498
771,2020-04-10,8840.46536114794
772,2020-04-11,6427.53648574799
773,2020-04-12,6524.66964706331
774,2020-04-13,6670.16380803647
775,2020-04-14,9424.93516594103
776,2020-04-15,8569.21402812754
777,2020-04-16,9022.49123839445
778,2020-04-17,6848.51139967461
779,2020-04-18,4643.54671566668
780,2020-04-19,6606.63704846103
781,2020-04-20,7700.63401419744
782,2020-04-21,7495.99200830172
783,2020-04-22,7644.1879815102
784,2020-04-23,7149.77921200371
785,2020-04-24,6572.28821801527
786,2020-04-25,8297.0221253444
787,2020-04-26,6986.1787415769
788,2020-04-27,7286.23208746345
789,2020-04-28,8103.63310834452
790,2020-04-29,6158.50633467473
791,2020-04-30,6277.32977800762
792,2020-05-01,6841.37568615087
793,2020-05-02,8126.24024855855
794,2020-05-03,7041.20770995402
795,2020-05-04,8333.71654276359
796,2020-05-05,4760.81545122456
797,2020-05-06,6484.21921105991
798,2020-05-07,5911.39237294269
799,2020-05-08,7431.24087686582
800,2020-05-09,8810.59426784518
801,2020-05-10,6699.40926197641
802,2020-05-11,5152.38779201806
803,2020-05-12,4568.98839194842
804,2020-05-13,6049.19290741175
805,2020-05-14,6815.99369293485
806,2020-05-15,6943.33090302022
807,2020-05-16,7108.04434535181
808,2020-05-17,5878.46790968567
809,2020-05-18,5214.51138204568
810,2020-05-19,5124.9156919493
811,2020-05-20,6108.29127133436
812,2020-05-21,6514.81466645018
813,2020-05-22,6135.4678920589
814,2020-05-23,5721.56749190022
815,2020-05-24,5235.8599982086
816,2020-05-25,5532.84452805916
817,2020-05-26,5869.1851299474
818,2020-05-27,5894.93114785154
819,2020-05-28,6759.01211195671
820,2020-05-29,5015.01205669294
821,2020-05-30,4617.01644074471
822,2020-05-31,5219.49234419701
823,2020-06-01,5013.81235610478
824,2020-06-02,4900.44111333146
825,2020-06-03,4273.1864734252
826,2020-06-04,2921.312461756
827,2020-06-05,2743.23533864126
828,2020-06-06,3965.70174657421
829,2020-06-07,4270.41661766474
830,2020-06-08,4297.55627681257
831,2020-06-09,5101.92624802364
832,2020-06-10,3145.07176136
833,2020-06-11,2770.75374222056
834,2020-06-12,2493.37272178189
835,2020-06-13,4253.14525602562
836,2020-06-14,4591.58707782246
837,2020-06-15,4671.962134513
838,2020-06-16,3084.12898220271
839,2020-06-17,3428.85666361661
840,2020-06-18,3225.69218701651
841,2020-06-19,3548.57643489591
842,2020-06-20,3587.9042961117
843,2020-06-21,3894.04124990293
844,2020-06-22,2697.69352884986
845,2020-06-23,2766.32172361186
846,2020-06-24,2698.26924571633
847,2020-06-25,3481.85050181662
848,2020-06-26,3293.52187045209
849,2020-06-27,4801.14713842913
850,2020-06-28,2918.6789180211
851,2020-06-29,2760.8227100619
852,2020-06-30,3477.20095443137
853,2020-07-01,3771.37310755393
854,2020-07-02,4565.06099282959
855,2020-07-03,3258.26940098459
856,2020-07-04,2294.95009762975
857,2020-07-05,2699.28133587414
858,2020-07-06,2610.30750377117
859,2020-07-07,2760.7411498469
860,2020-07-08,3761.14713397404
861,2020-07-09,2889.06427682571
862,2020-07-10,2725.96869410964
863,2020-07-11,2521.43410286567
864,2020-07-12,2356.99255329833
865,2020-07-13,2730.63476204418
866,2020-07-14,4019.20061826787
867,2020-07-15,3268.51174915928
868,2020-07-16,1943.93142130928
869,2020-07-17,2513.46242544175
870,2020-07-18,2538.48624888447
871,2020-07-19,2783.74509968086
872,2020-07-20,3051.48524135902
873,2020-07-21,3562.53743697903
874,2020-07-22,2518.2618461427
875,2020-07-23,2544.4050682273
876,2020-07-24,2369.63687050464
877,2020-07-25,3095.46706768436
878,2020-07-26,3309.30406683994
879,2020-07-27,3294.40475603499
880,2020-07-28,2466.62576739179
881,2020-07-29,2455.41821085784
882,2020-07-30,2405.77429384214
883,2020-07-31,3296.1278704798
884,2020-08-01,3974.90566818831
885,2020-08-02,4067.25645759733
886,2020-08-03,3025.26894720127
887,2020-08-04,2687.29967820794
888,2020-08-05,3050.67525018997
889,2020-08-06,3907.14105157343
890,2020-08-07,4177.61901681306
891,2020-08-08,4770.54324785262
892,2020-08-09,2974.11440442998
893,2020-08-10,3592.55896417182
894,2020-08-11,2201.50305557169
895,2020-08-12,3524.58282832238
896,2020-08-13,3156.22288297694
897,2020-08-14,3499.88839848162
898,2020-08-15,2492.49175821464
899,2020-08-16,2558.85691316936
900,2020-08-17,2366.67253226717
901,2020-08-18,3594.02237898855
902,2020-08-19,4026.02624241748
903,2020-08-20,2992.20639167553
904,2020-08-21,2145.72495784378
905,2020-08-22,2889.89841219965
906,2020-08-23,2581.96271189211
907,2020-08-24,3536.62990672344
908,2020-08-25,4314.13075130387
909,2020-08-26,4038.16906913669
910,2020-08-27,2057.38276235861
911,2020-08-28,2528.96564231148
912,2020-08-29,3101.58134425255
913,2020-08-30,3816.72456272333
914,2020-08-31,3241.93816993539
915,2020-09-01,6366.44014377533
916,2020-09-02,4252.60022895
917,2020-09-03,3901.27198967392
918,2020-09-04,4890.75795717209
919,2020-09-05,5313.79559923804
920,2020-09-06,5637.47283663214
921,2020-09-07,6055.99575738887
922,2020-09-08,4340.64930572766
923,2020-09-09,4101.98606827872
924,2020-09-10,4125.87388468966
925,2020-09-11,5678.31882154717
926,2020-09-12,6025.05655169721
927,2020-09-13,6200.8190644081
928,2020-09-14,4526.9178090679
929,2020-09-15,4230.65204539642
930,2020-09-16,4539.62743184396
931,2020-09-17,6332.23251473962
932,2020-09-18,7149.03369882669
933,2020-09-19,6706.30273567999
934,2020-09-20,5359.28364072352
935,2020-09-21,4397.18677387011
936,2020-09-22,4450.99000923799
937,2020-09-23,6203.47602922815
938,2020-09-24,6126.23653345767
939,2020-09-25,7363.78569249829
940,2020-09-26,6425.02810801468
941,2020-09-27,4716.87811505788
942,2020-09-28,5128.83941419583
943,2020-09-29,6234.93714199833
944,2020-09-30,6303.06062164614
945,2020-10-01,5661.69184761366
946,2020-10-02,4096.11186853383
947,2020-10-03,3675.08562309459
948,2020-10-04,4320.40384726026
949,2020-10-05,5354.83212444989
950,2020-10-06,5356.51419862925
951,2020-10-07,5915.91300127592
952,2020-10-08,4079.37575751766
953,2020-10-09,3923.21974665693
954,2020-10-10,4457.47551224108
955,2020-10-11,5155.06896133851
956,2020-10-12,5538.73660022791
957,2020-10-13,6051.96628365026
958,2020-10-14,4630.66636109987
959,2020-10-15,4454.99491407997
960,2020-10-16,3982.5584298279
961,2020-10-17,5420.53013999784
962,2020-10-18,5264.87586996678
963,2020-10-19,6276.9951438347
964,2020-10-20,4344.02618981651
965,2020-10-21,4649.03218681979
966,2020-10-22,3815.27494229893
967,2020-10-23,5720.58244596315
968,2020-10-24,4958.29873806532
969,2020-10-25,6500.88269254751
970,2020-10-26,4603.22043364298
971,2020-10-27,3673.55060841351
972,2020-10-28,4024.93464476785
973,2020-10-29,4518.90775657191
974,2020-10-30,5974.79069348395
975,2020-10-31,6127.12128877498
976,2020-11-01,4794.89836408866
977,2020-11-02,5001.7879942671
978,2020-11-03,4750.93689002931
979,2020-11-04,4983.82830949755
980,2020-11-05,6272.48245967223
981,2020-11-06,8058.5556651056
982,2020-11-07,4949.32836895687
983,2020-11-08,4708.47712018325
984,2020-11-09,4354.37320148783
985,2020-11-10,5870.0964812522
986,2020-11-11,6504.87544094521
987,2020-11-12,6316.45583604169
988,2020-11-13,4728.44808654374
989,2020-11-14,4927.15381808469
990,2020-11-15,4145.87507124828
991,2020-11-16,5990.30501868604
992,2020-11-17,6297.98632327353
993,2020-11-18,6053.53413453466
994,2020-11-19,4674.7406174738
995,2020-11-20,4352.20854058715
996,2020-11-21,4891.78293721487
997,2020-11-22,6046.52704614375
998,2020-11-23,6440.88773494264
999,2020-11-24,6265.78429803534
1000,2020-11-25,5098.17958413123
1001,2020-11-26,4451.31258610299
1002,2020-11-27,4165.7908207854
1003,2020-11-28,6257.66114433018
1004,2020-11-29,6882.06261758321
1005,2020-11-30,6081.41466887214
1006,2020-12-01,3541.70897137253
1007,2020-12-02,4001.76021003928
1008,2020-12-03,3766.39515477308
1009,2020-12-04,5251.16581826771
1010,2020-12-05,6092.97633096176
1011,2020-12-06,5940.50962562839
1012,2020-12-07,4796.81772763152
1013,2020-12-08,3632.96544109181
1014,2020-12-09,4401.33557824708
1015,2020-12-10,5023.63781513235
1016,2020-12-11,5549.83519686127
1017,2020-12-12,5490.71266557013
1018,2020-12-13,5039.63191125181
1019,2020-12-14,4015.95249992151
1020,2020-12-15,4567.15579319883
1021,2020-12-16,4511.54991205998
1022,2020-12-17,6133.72977888366
1023,2020-12-18,5974.18473545792
1024,2020-12-19,4052.90837590137
1025,2020-12-20,4040.16195596152
1026,2020-12-21,4673.63024849473
1027,2020-12-22,5367.74795411517
1028,2020-12-23,4947.08807996565
1029,2020-12-24,6468.32939272913
1030,2020-12-25,4027.43895192581
1031,2020-12-26,3916.37253144672
1032,2020-12-27,4265.08726237755
1033,2020-12-28,5505.76541628872
1034,2020-12-29,6173.50143404682
1035,2020-12-30,5777.75359862603
1036,2020-12-31,7945.59076361596
1037,2021-01-01,9571.47465714536
1038,2021-01-02,4016.90099491006
1039,2021-01-03,5305.05582265582
1040,2021-01-04,6451.10912338471
1041,2021-01-05,5091.25179391973
1042,2021-01-06,5351.01068545308
1043,2021-01-07,3738.15355341859
1044,2021-01-08,4078.15371792751
1045,2021-01-09,5203.85208068025
1046,2021-01-10,5436.55654149754
1047,2021-01-11,6014.63157058829
1048,2021-01-12,4045.24967098936
1049,2021-01-13,4940.80143175186
1050,2021-01-14,5233.61419590089
1051,2021-01-15,5834.66594466701
1052,2021-01-16,5890.49780101398
1053,2021-01-17,5853.39902518615
1054,2021-01-18,5040.82018296462
1055,2021-01-19,4554.59678315974
1056,2021-01-20,5350.95040112804
1057,2021-01-21,5681.70109076505
1058,2021-01-22,5931.85694681183
1059,2021-01-23,6142.23711430092
1060,2021-01-24,4199.19998378588
1061,2021-01-25,4770.56750055924
1062,2021-01-26,4748.04222277223
1063,2021-01-27,5604.41610325707
1064,2021-01-28,6922.21572507954
1065,2021-01-29,7369.41311790108
1066,2021-01-30,4366.59197713919
1067,2021-01-31,5425.07447369617
1068,2021-02-01,4831.46773492102
1069,2021-02-02,6538.1057730335
1070,2021-02-03,6562.73835985162
1071,2021-02-04,6697.08166583243
1072,2021-02-05,4240.53963698871
1073,2021-02-06,4864.69686038494
1074,2021-02-07,5007.82487605199
1075,2021-02-08,5605.66334525812
1076,2021-02-09,6508.64150019371
1077,2021-02-10,6776.0562784111
1078,2021-02-11,4908.93184509724
1079,2021-02-12,3987.72963559454
1080,2021-02-13,4725.57466600839
1081,2021-02-14,5779.08472314431
1082,2021-02-15,5868.23461130156
1083,2021-02-16,6920.29267685862
1084,2021-02-17,5034.04934734181
1085,2021-02-18,5107.00330797173
1086,2021-02-19,4632.81481281704
1087,2021-02-20,5043.39381125283
1088,2021-02-21,6361.61965222971
1089,2021-02-22,6849.90303397721
1090,2021-02-23,4526.24522917041
1091,2021-02-24,4454.54034497204
1092,2021-02-25,5627.00542965865
1093,2021-02-26,6139.97017316681
1094,2021-02-27,6061.34311206101
1095,2021-02-28,6121.10524444343
1096,2021-03-01,5006.33872334774
1097,2021-03-02,5268.36175934142
1098,2021-03-03,5351.14920087221
1099,2021-03-04,6214.65519652306
1100,2021-03-05,7010.90645719998
1101,2021-03-06,6478.58642110863
1102,2021-03-07,5162.54242492486
1103,2021-03-08,4950.82306287927
1104,2021-03-09,5006.8556191103
1105,2021-03-10,5816.06114616014
1106,2021-03-11,6822.59491258598
1107,2021-03-12,7065.64051379837
1108,2021-03-13,4990.33993794563
1109,2021-03-14,4703.70892869668
1110,2021-03-15,5096.67200332734
1111,2021-03-16,6370.15530332599
1112,2021-03-17,7474.10351297015
1113,2021-03-18,6597.06828010308
1114,2021-03-19,5213.4626897983
1115,2021-03-20,4605.86688248703
1116,2021-03-21,5011.5328005936
1117,2021-03-22,6413.07250915949
1118,2021-03-23,6101.97499366383
1119,2021-03-24,6151.57098151045
1120,2021-03-25,5872.17663849898
1121,2021-03-26,5012.96066428191
1122,2021-03-27,6000.25424718696
1123,2021-03-28,5989.65818162835
1124,2021-03-29,6519.16594168191
1125,2021-03-30,7015.1295266826
1126,2021-03-31,4949.79980837984
1127,2021-04-01,4760.03729865231
1128,2021-04-02,5569.8682411868
1129,2021-04-03,6577.60886437846
1130,2021-04-04,6486.7068906716
1131,2021-04-05,6523.45006420198
1132,2021-04-06,4705.91017823179
1133,2021-04-07,4994.55469591323
1134,2021-04-08,5278.57707747526
1135,2021-04-09,6470.21365945972
1136,2021-04-10,7453.74136336934
1137,2021-04-11,6757.13974517682
1138,2021-04-12,6321.16592283966
1139,2021-04-13,5102.63659052387
1140,2021-04-14,5501.90226163714
1141,2021-04-15,7294.36151916017
1142,2021-04-16,6351.02440741187
1143,2021-04-17,7656.42138239376
1144,2021-04-18,5751.54567494104
1145,2021-04-19,4661.07049773495
1146,2021-04-20,4349.50864837742
1147,2021-04-21,6310.37147436961
1148,2021-04-22,6755.82142969929
1149,2021-04-23,6869.93954582651
1150,2021-04-24,4417.97211915126
1151,2021-04-25,4991.61883430765
1152,2021-04-26,5447.71671932505
1153,2021-04-27,6801.11078579462
1154,2021-04-28,7077.80256167481
1155,2021-04-29,7260.22029400377
1156,2021-04-30,5022.78254116285
1157,2021-05-01,5341.56173193748
1158,2021-05-02,4515.39221855501
1159,2021-05-03,6760.11766206586
1160,2021-05-04,7526.15326447195
1161,2021-05-05,7258.42029834689
1162,2021-05-06,5502.10304279353
1163,2021-05-07,4615.64211788982
1164,2021-05-08,5165.16995943926
1165,2021-05-09,5844.55866761785
1166,2021-05-10,5825.40781501142
1167,2021-05-11,6695.57219557874
1168,2021-05-12,4559.17019472298
1169,2021-05-13,4477.04162722601
1170,2021-05-14,5010.25025631789
1171,2021-05-15,5493.06826000774
1172,2021-05-16,7000.52286774583
1173,2021-05-17,6364.26169340201
1174,2021-05-18,5257.77935591909
1175,2021-05-19,4737.09743768993
1176,2021-05-20,5033.06636249933
1177,2021-05-21,5903.33639776787
1178,2021-05-22,6826.94022312568
1179,2021-05-23,7206.13076095002
1180,2021-05-24,4782.89513454021
1181,2021-05-25,4426.78948842702
1182,2021-05-26,5120.38862959738
1183,2021-05-27,6318.67582290334
1184,2021-05-28,8642.56111607123
1185,2021-05-29,7205.33731675856
1186,2021-05-30,4877.80387593493
1187,2021-05-31,4581.37603428442
1188,2021-06-01,3541.07819034433
1189,2021-06-02,4182.9754653037
1190,2021-06-03,5048.55734858369
1191,2021-06-04,5115.98524164024
1192,2021-06-05,4278.22003587814
1193,2021-06-06,3397.17760149949
1194,2021-06-07,3618.23811235658
1195,2021-06-08,4815.41839534136
1196,2021-06-09,4634.48441171142
1197,2021-06-10,4725.26210439643
1198,2021-06-11,3317.55780450928
1199,2021-06-12,2944.77821079855
1200,2021-06-13,3288.34610972045
1201,2021-06-14,4241.64059464427
1202,2021-06-15,4806.23345279078
1203,2021-06-16,4691.1220682107
1204,2021-06-17,4098.21091592292
1205,2021-06-18,4078.00712897114
1206,2021-06-19,3487.13050673624
1207,2021-06-20,4451.50701187966
1208,2021-06-21,4194.64290050755
1209,2021-06-22,5468.41437727962
1210,2021-06-23,2844.06849026793
1211,2021-06-24,3739.10104762696
1212,2021-06-25,3991.70653794195
1213,2021-06-26,4340.94268577786
1214,2021-06-27,4685.05608892954
1215,2021-06-28,5119.76826911816
1216,2021-06-29,4213.64755629426
1217,2021-06-30,4052.95720293273
1218,2021-07-01,3262.17423632897
1219,2021-07-02,4893.01097598535
1220,2021-07-03,4088.02597699545
1221,2021-07-04,4494.75035320413
1222,2021-07-05,3129.69446303033
1223,2021-07-06,2658.73765895111
1224,2021-07-07,3266.67544493022
1225,2021-07-08,4796.16963868738
1226,2021-07-09,4767.45995723061
1227,2021-07-10,4110.90581702428
1228,2021-07-11,3607.08803261162
1229,2021-07-12,3509.93131158086
1230,2021-07-13,3519.84599851857
1231,2021-07-14,4604.67166793017
1232,2021-07-15,4758.328270733
1233,2021-07-16,4542.8867861214
1234,2021-07-17,3379.81851305116
1235,2021-07-18,3599.15390228135
1236,2021-07-19,3455.85439041913
1237,2021-07-20,4360.79395821993
1238,2021-07-21,4465.44846464195
1239,2021-07-22,4736.829112685
1240,2021-07-23,3298.18620948647
1241,2021-07-24,3692.44515269945
1242,2021-07-25,3116.08805728464
1243,2021-07-26,4484.00953388387
1244,2021-07-27,4463.03626571845
1245,2021-07-28,3894.21778796548
1246,2021-07-29,3297.38976968727
1247,2021-07-30,3153.16614927018
1248,2021-07-31,4027.37240650416
1249,2021-08-01,5093.53100330406
1250,2021-08-02,5554.4263340278
1251,2021-08-03,4594.26426617801
1252,2021-08-04,3487.14673861701
1253,2021-08-05,3433.71396943011
1254,2021-08-06,3869.65162011114
1255,2021-08-07,4303.95142057383
1256,2021-08-08,4351.78907111048
1257,2021-08-09,5569.92941762689
1258,2021-08-10,2973.57548757649
1259,2021-08-11,4345.81430266009
1260,2021-08-12,3523.42172509672
1261,2021-08-13,5104.30819525827
1262,2021-08-14,5925.67685067196
1263,2021-08-15,5060.78291848776
1264,2021-08-16,4180.05229497839
1265,2021-08-17,4412.29200056697
1266,2021-08-18,4732.64368912238
1267,2021-08-19,4825.4922297418
1268,2021-08-20,4620.05771405159
1269,2021-08-21,5274.90039673332
1270,2021-08-22,3234.94818568955
1271,2021-08-23,4226.88958084822
1272,2021-08-24,3250.21925156546
1273,2021-08-25,4656.27135314766
1274,2021-08-26,5193.11552201637
1275,2021-08-27,5745.31889858816
1276,2021-08-28,3376.40287377377
1277,2021-08-29,3714.27001735228
1278,2021-08-30,3666.11666917647
1279,2021-08-31,4572.58672003077
1280,2021-09-01,7653.45373832887
1281,2021-09-02,8186.70677077115
1282,2021-09-03,6272.15217585469
1283,2021-09-04,6317.83575225835
1284,2021-09-05,6017.00706886341
1285,2021-09-06,7434.52079485051
1286,2021-09-07,7398.2701062621
1287,2021-09-08,7913.0326339354
1288,2021-09-09,7247.01784481782
1289,2021-09-10,6452.99492320309
1290,2021-09-11,6032.81405243408
1291,2021-09-12,7264.89576158446
1292,2021-09-13,8538.55782572913
1293,2021-09-14,7476.60893466853
1294,2021-09-15,6988.84875972642
1295,2021-09-16,7075.38318027693
1296,2021-09-17,5401.35867111897
1297,2021-09-18,8235.14560600763
1298,2021-09-19,7920.78642534297
1299,2021-09-20,9189.5927819576
1300,2021-09-21,6099.59205649026
1301,2021-09-22,5584.08844450284
1302,2021-09-23,6144.97820187636
1303,2021-09-24,7460.74333963139
1304,2021-09-25,8008.82746981467
1305,2021-09-26,8112.73252988682
1306,2021-09-27,5511.65177797836
1307,2021-09-28,5534.78203848646
1308,2021-09-29,6062.55521818382
1309,2021-09-30,8345.80357113278
1310,2021-10-01,7977.14803512579
1311,2021-10-02,7330.6557859442
1312,2021-10-03,5546.20107800494
1313,2021-10-04,5868.46505277311
1314,2021-10-05,5868.89004254869
1315,2021-10-06,6492.257932055
1316,2021-10-07,7837.52942310547
1317,2021-10-08,6642.2163103216
1318,2021-10-09,5203.56786126608
1319,2021-10-10,5198.69706253883
1320,2021-10-11,6333.07769445026
1321,2021-10-12,6189.85399989295
1322,2021-10-13,7376.19902677737
1323,2021-10-14,8280.94676700935
1324,2021-10-15,5447.57573042039
1325,2021-10-16,6303.12906987038
1326,2021-10-17,5093.99533558924
1327,2021-10-18,7095.52956795888
1328,2021-10-19,7783.46071725412
1329,2021-10-20,8046.01175383701
1330,2021-10-21,5809.98314719255
1331,2021-10-22,5747.0359915335
1332,2021-10-23,5711.38932643046
1333,2021-10-24,6236.24972026363
1334,2021-10-25,7655.76079917873
1335,2021-10-26,6952.65948219663
1336,2021-10-27,4922.71621037644
1337,2021-10-28,5898.92295859867
1338,2021-10-29,6060.12938536767
1339,2021-10-30,7212.66545567181
1340,2021-10-31,8004.29219780693
1341,2021-11-01,9005.45693880943
1342,2021-11-02,5790.91602822935
1343,2021-11-03,5405.59781598615
1344,2021-11-04,5965.16716840581
1345,2021-11-05,7449.54358661059
1346,2021-11-06,7803.68126871311
1347,2021-11-07,7734.08265699198
1348,2021-11-08,5642.84753793061
1349,2021-11-09,6374.73146357959
1350,2021-11-10,5681.80162967004
1351,2021-11-11,7220.11076825126
1352,2021-11-12,7739.55830264471
1353,2021-11-13,7439.05735595287
1354,2021-11-14,6319.97918724893
1355,2021-11-15,5606.52080027355
1356,2021-11-16,6223.15841928462
1357,2021-11-17,7936.85132002523
1358,2021-11-18,8381.47746729177
1359,2021-11-19,8156.40853052119
1360,2021-11-20,5659.57320417949
1361,2021-11-21,5633.34530262786
1362,2021-11-22,6415.20102166426
1363,2021-11-23,8542.98638912665
1364,2021-11-24,8091.21338425994
1365,2021-11-25,9408.07509106897
1366,2021-11-26,6754.22479619174
1367,2021-11-27,6056.02309107763
1368,2021-11-28,7218.35898580868
1369,2021-11-29,6352.50760954668
1370,2021-11-30,7953.45879259469
1371,2021-12-01,7628.86343769212
1372,2021-12-02,5750.50503318984
1373,2021-12-03,4490.51055937431
1374,2021-12-04,5756.82404543178
1375,2021-12-05,6867.4421467713
1376,2021-12-06,6999.14669517797
1377,2021-12-07,6820.57585410308
1378,2021-12-08,4925.94360656531
1379,2021-12-09,5538.18781676215
1380,2021-12-10,6384.38080263568
1381,2021-12-11,7119.71188275401
1382,2021-12-12,5772.82365654701
1383,2021-12-13,6870.50084736099
1384,2021-12-14,5602.85642858919
1385,2021-12-15,4843.6496374189
1386,2021-12-16,5577.14043466759
1387,2021-12-17,5614.73785058474
1388,2021-12-18,6587.34901543604
1389,2021-12-19,7044.88020543376
1390,2021-12-20,5349.61972775208
1391,2021-12-21,5844.31016960663
1392,2021-12-22,5520.66290412361
1393,2021-12-23,6841.44976528516
1394,2021-12-24,7241.16588163221
1395,2021-12-25,8512.8442273413
1396,2021-12-26,5598.18542967738
1397,2021-12-27,5821.45978936812
1398,2021-12-28,6238.56060344637
1399,2021-12-29,6602.45415680272
1400,2021-12-30,7462.56929157172
1401,2021-12-31,12739.3727642729
1402,2022-01-01,10640.1780593144
1403,2022-01-02,6421.58526305115
1404,2022-01-03,6179.03332525008
1405,2022-01-04,6950.38639908098
1406,2022-01-05,8466.63446864917
1407,2022-01-06,8649.70585136961
1408,2022-01-07,5882.71951623201
1409,2022-01-08,6438.04133158405
1410,2022-01-09,5763.46086452484
1411,2022-01-10,7843.63965722928
1412,2022-01-11,8402.00301547926
1413,2022-01-12,8052.81010221969
1414,2022-01-13,5959.87331828706
1415,2022-01-14,6036.00181031737
1416,2022-01-15,6843.3332332345
1417,2022-01-16,8285.96516530755
1418,2022-01-17,7681.1019485295
1419,2022-01-18,7668.83027146839
1420,2022-01-19,6052.11162528812
1421,2022-01-20,6225.98472251607
1422,2022-01-21,6628.1561218261
1423,2022-01-22,7595.0409489011
1424,2022-01-23,7195.9013624235
1425,2022-01-24,7561.87790624083
1426,2022-01-25,6168.46318471406
1427,2022-01-26,5848.62137514683
1428,2022-01-27,8077.56871777029
1429,2022-01-28,7279.68975145814
1430,2022-01-29,7832.94648229673
1431,2022-01-30,8343.03774938836
1432,2022-01-31,5829.00362102143
1433,2022-02-01,5533.97914112032
1434,2022-02-02,6661.46730787928
1435,2022-02-03,8196.18347606662
1436,2022-02-04,8416.18215673254
1437,2022-02-05,8329.73825447983
1438,2022-02-06,5793.0243990533
1439,2022-02-07,5851.45898038473
1440,2022-02-08,7185.34862785668
1441,2022-02-09,8001.12997820944
1442,2022-02-10,8362.06788217706
1443,2022-02-11,8841.16723353559
1444,2022-02-12,5659.94965919592
1445,2022-02-13,6604.36655016545
1446,2022-02-14,6614.97446578949
1447,2022-02-15,8677.92282943033
1448,2022-02-16,8964.67431164269
1449,2022-02-17,8822.74333166503
1450,2022-02-18,6394.74053432467
1451,2022-02-19,6497.09303418853
1452,2022-02-20,6415.27142139412
1453,2022-02-21,7373.01175253773
1454,2022-02-22,7810.65601202117
1455,2022-02-23,8775.76109502597
1456,2022-02-24,6638.03995609466
1457,2022-02-25,6998.56403423056
1458,2022-02-26,5968.20797686938
1459,2022-02-27,8503.43902799564
1460,2022-02-28,8836.56665610225
1461,2022-03-01,8358.92407336137
1462,2022-03-02,6085.18052435137
1463,2022-03-03,5836.36171230769
1464,2022-03-04,6684.04411965836
1465,2022-03-05,7685.4720116374
1466,2022-03-06,8410.35735233596
1467,2022-03-07,7440.60351922117
1468,2022-03-08,6351.8201066609
1469,2022-03-09,6677.26115422812
1470,2022-03-10,5517.55140291485
1471,2022-03-11,8714.2529642791
1472,2022-03-12,8254.1859396805
1473,2022-03-13,9225.05958071309
1474,2022-03-14,5923.76630422364
1475,2022-03-15,7424.66796167181
1476,2022-03-16,7450.9936618241
1477,2022-03-17,7298.48797291499
1478,2022-03-18,9389.40748419886
1479,2022-03-19,8234.32429268375
1480,2022-03-20,5309.07478415791
1481,2022-03-21,6363.17185186434
1482,2022-03-22,6493.24884792446
1483,2022-03-23,7451.13314460766
1484,2022-03-24,8903.75981264848
1485,2022-03-25,8666.7689098661
1486,2022-03-26,6501.58266014814
1487,2022-03-27,7015.51379907328
1488,2022-03-28,7191.74923354233
1489,2022-03-29,7784.62460036209
1490,2022-03-30,8674.77725585269
1491,2022-03-31,9288.14824040404
1492,2022-04-01,6776.36879227579
1493,2022-04-02,6851.09691533741
1494,2022-04-03,6115.94261066039
1495,2022-04-04,7994.78984467112
1496,2022-04-05,7932.75488575131
1497,2022-04-06,9084.75488974046
1498,2022-04-07,5650.49666545898
1499,2022-04-08,7476.22828363977
1500,2022-04-09,6990.17022105199
1501,2022-04-10,7725.06265817917
1502,2022-04-11,9261.5321752221
1503,2022-04-12,9144.18827941678
1504,2022-04-13,7395.30279141188
1505,2022-04-14,6838.61761707968
1506,2022-04-15,6097.25643023372
1507,2022-04-16,8533.28607192015
1508,2022-04-17,8499.82702078297
1509,2022-04-18,8077.06307369459
1510,2022-04-19,6731.6099448375
1511,2022-04-20,7075.73880105376
1512,2022-04-21,5794.48993933176
1513,2022-04-22,8650.34782269668
1514,2022-04-23,8620.19769123978
1515,2022-04-24,8962.31565191539
1516,2022-04-25,6628.55228501928
1517,2022-04-26,5941.415420122
1518,2022-04-27,5935.39640765167
1519,2022-04-28,8441.5513216322
1520,2022-04-29,9341.05509500531
1521,2022-04-30,9911.27181209167
1522,2022-05-01,6060.14992395044
1523,2022-05-02,5868.8776132638
1524,2022-05-03,7698.42625237024
1525,2022-05-04,9691.15298477613
1526,2022-05-05,8983.64863786417
1527,2022-05-06,7771.13823196458
1528,2022-05-07,6303.33378088501
1529,2022-05-08,5954.51723841322
1530,2022-05-09,6078.75915368844
1531,2022-05-10,7612.25332676806
1532,2022-05-11,9267.99115594855
1533,2022-05-12,8623.20092706518
1534,2022-05-13,6246.77622868776
1535,2022-05-14,5948.30303232915
1536,2022-05-15,7879.80828009661
1537,2022-05-16,6980.64306125042
1538,2022-05-17,8425.13186740026
1539,2022-05-18,7587.38935038211
1540,2022-05-19,6392.68706593227
1541,2022-05-20,6657.05116125116
1542,2022-05-21,6348.11495305571
1543,2022-05-22,8553.84697391898
1544,2022-05-23,8206.97255512761
1545,2022-05-24,8060.43262514211
1546,2022-05-25,7014.48311538702
1547,2022-05-26,7158.86105190912
1548,2022-05-27,6849.31016734909
1549,2022-05-28,7830.57680992439
1550,2022-05-29,7323.64032478165
1551,2022-05-30,7892.2126795397
1552,2022-05-31,6674.67185844237
1553,2022-06-01,3976.86703208948
1554,2022-06-02,4548.89033805041
1555,2022-06-03,5548.47966653637
1556,2022-06-04,6180.16354868671
1557,2022-06-05,6916.88714537454
1558,2022-06-06,4791.04250985975
1559,2022-06-07,4920.24514909472
1560,2022-06-08,4587.36405579217
1561,2022-06-09,4992.27689128725
1562,2022-06-10,6496.05177197559
1563,2022-06-11,5892.46826379767
1564,2022-06-12,4990.90335997643
1565,2022-06-13,4788.12133876683
1566,2022-06-14,4988.43861948428
1567,2022-06-15,5777.7923197258
1568,2022-06-16,6850.86672688499
1569,2022-06-17,6769.647182424
1570,2022-06-18,4520.73619758259
1571,2022-06-19,5258.24772194647
1572,2022-06-20,4995.97622699758
1573,2022-06-21,5635.65649264716
1574,2022-06-22,6525.58688529332
1575,2022-06-23,7293.82754861379
1576,2022-06-24,5567.82212617612
1577,2022-06-25,5414.87493747977
1578,2022-06-26,4302.18557072123
1579,2022-06-27,6222.46241529986
1580,2022-06-28,7109.03138035395
1581,2022-06-29,6252.09598047981
1582,2022-06-30,5137.66820131228
1583,2022-07-01,5082.37855793087
1584,2022-07-02,5028.45398108214
1585,2022-07-03,6067.20321456499
1586,2022-07-04,5904.78395740975
1587,2022-07-05,5815.14930998753
1588,2022-07-06,4662.95533622881
1589,2022-07-07,4665.53917853994
1590,2022-07-08,4575.54742481024
1591,2022-07-09,6834.95066849059
1592,2022-07-10,6811.50243218169
1593,2022-07-11,6043.66026224907
1594,2022-07-12,4756.40281264451
1595,2022-07-13,4482.12623938287
1596,2022-07-14,4282.88404378496
1597,2022-07-15,5015.16543899227
1598,2022-07-16,6374.67647373048
1599,2022-07-17,6524.54087505806
1600,2022-07-18,4607.7725422558
1601,2022-07-19,4246.00679729033
1602,2022-07-20,4260.94595236759
1603,2022-07-21,5783.53568028483
1604,2022-07-22,6275.99719244476
1605,2022-07-23,5980.32260385992
1606,2022-07-24,5659.94280548656
1607,2022-07-25,4879.3135082339
1608,2022-07-26,5135.5375075453
1609,2022-07-27,5471.41358437481
1610,2022-07-28,5339.03459639643
1611,2022-07-29,6326.06489338851
1612,2022-07-30,4851.58821721905
1613,2022-07-31,4219.94102459692
1614,2022-08-01,5434.21460252016
1615,2022-08-02,5966.15448669737
1616,2022-08-03,6807.93775487309
1617,2022-08-04,6770.57717468127
1618,2022-08-05,4811.95208427375
1619,2022-08-06,5334.38132556392
1620,2022-08-07,5436.08451302889
1621,2022-08-08,6242.57579969662
1622,2022-08-09,6644.64408709763
1623,2022-08-10,6941.21812838713
1624,2022-08-11,4725.17200268553
1625,2022-08-12,5565.49362952834
1626,2022-08-13,5198.995117138
1627,2022-08-14,6169.93467432624
1628,2022-08-15,7355.02737633629
1629,2022-08-16,8151.54499942632
1630,2022-08-17,5673.92903061811
1631,2022-08-18,5973.11019656567
1632,2022-08-19,6056.76799613376
1633,2022-08-20,6865.21994407453
1634,2022-08-21,7422.08385304875
1635,2022-08-22,7345.73416618572
1636,2022-08-23,5817.57079046201
1637,2022-08-24,5378.66817594757
1638,2022-08-25,5282.19526415458
1639,2022-08-26,6476.0065655303
1640,2022-08-27,6650.96591050187
1641,2022-08-28,6757.90901861131
1642,2022-08-29,4788.45262125454
1643,2022-08-30,5027.06730450548
1644,2022-08-31,5667.58604823505
1645,2022-09-01,9362.91476448154
1646,2022-09-02,9517.14025359481
1647,2022-09-03,8724.82106604014
1648,2022-09-04,8204.88647684821
1649,2022-09-05,8703.57507722168
1650,2022-09-06,6769.11112555021
1651,2022-09-07,10596.0636457191
1652,2022-09-08,9997.60596666268
1653,2022-09-09,9377.2625490162
1654,2022-09-10,8308.22856065177
1655,2022-09-11,8628.54794758966
1656,2022-09-12,7576.4953058766
1657,2022-09-13,10803.0906107707
1658,2022-09-14,9738.53232069591
1659,2022-09-15,10538.1651535699
1660,2022-09-16,7394.18482825625
1661,2022-09-17,7971.77470748496
1662,2022-09-18,7525.86316127973
1663,2022-09-19,8768.27984143189
1664,2022-09-20,10203.8763710141
1665,2022-09-21,13091.2250107375
1666,2022-09-22,8129.28532695492
1667,2022-09-23,8973.72671591722
1668,2022-09-24,8531.98897032002
1669,2022-09-25,9235.23618561744
1670,2022-09-26,9940.25866356178
1671,2022-09-27,10617.8860177666
1672,2022-09-28,8166.65031568871
1673,2022-09-29,8007.27003173133
1674,2022-09-30,7800.59074688891
1675,2022-10-01,8431.86992766003
1676,2022-10-02,9671.25035884376
1677,2022-10-03,9509.50761634045
1678,2022-10-04,6934.41148647839
1679,2022-10-05,7765.61046159109
1680,2022-10-06,6699.74152167322
1681,2022-10-07,8846.05091127964
1682,2022-10-08,8426.17125168562
1683,2022-10-09,10289.186719464
1684,2022-10-10,7203.89592243868
1685,2022-10-11,6281.56517501048
1686,2022-10-12,7736.61904698038
1687,2022-10-13,9648.7150672711
1688,2022-10-14,10547.8089022032
1689,2022-10-15,9771.35799822368
1690,2022-10-16,7235.45014347314
