dt,actual
2018-03-02,24.58430059
2018-03-03,27.06220739
2018-03-04,23.33255708
2018-03-05,16.81422241
2018-03-06,14.28410851
2018-03-07,16.17118558
2018-03-08,19.45985152
2018-03-09,27.3665982
2018-03-10,24.8753445
2018-03-11,15.5516822
2018-03-12,14.80519175
2018-03-13,13.12838348
2018-03-14,22.22430648
2018-03-15,21.68025852
2018-03-16,20.6575845
2018-03-17,14.61924406
2018-03-18,19.24339675
2018-03-19,15.27778219
2018-03-20,22.11486718
2018-03-21,24.05313113
2018-03-22,21.18470996
2018-03-23,17.37383537
2018-03-24,16.7120934
2018-03-25,13.0752775
2018-03-26,20.13208288
2018-03-27,27.00470051
2018-03-28,21.08034088
2018-03-29,18.62096732
2018-03-30,15.81570119
2018-03-31,16.69535615
2018-04-01,25.55052612
2018-04-02,30.07180535
2018-04-03,29.16740864
2018-04-04,18.86009921
2018-04-05,13.83505082
2018-04-06,10.74302731
2018-04-07,19.53853011
2018-04-08,26.96488146
2018-04-09,21.45533805
2018-04-10,13.42855398
2018-04-11,17.68982303
2018-04-12,16.57632563
2018-04-13,26.5750003
2018-04-14,24.54645541
2018-04-15,24.48558647
2018-04-16,16.67515333
2018-04-17,20.00519133
2018-04-18,16.91600426
2018-04-19,23.23718241
2018-04-20,25.53442782
2018-04-21,21.32448588
2018-04-22,14.12186631
2018-04-23,13.91308325
2018-04-24,15.15335822
2018-04-25,21.5169805
2018-04-26,24.08763126
2018-04-27,20.78905691
2018-04-28,16.39110737
2018-04-29,15.0292539
2018-04-30,15.94355827
2018-05-01,27.93295648
2018-05-02,19.55543091
2018-05-03,19.61091806
2018-05-04,11.99149129
2018-05-05,14.60806188
2018-05-06,13.38742306
2018-05-07,23.29657418
2018-05-08,23.31805748
2018-05-09,20.51558441
2018-05-10,14.04618652
2018-05-11,12.59115498
2018-05-12,13.977633
2018-05-13,17.51867057
2018-05-14,24.20796384
2018-05-15,27.9754526
2018-05-16,14.6656726
2018-05-17,11.22214125
2018-05-18,12.8795102
2018-05-19,20.00614592
2018-05-20,23.41356277
2018-05-21,24.26891178
2018-05-22,13.04845723
2018-05-23,14.25856912
2018-05-24,14.26879988
2018-05-25,22.32746576
2018-05-26,22.98789652
2018-05-27,23.69980491
2018-05-28,18.19693844
2018-05-29,14.1594153
2018-05-30,13.14730547
2018-05-31,20.8413708
2018-06-01,27.45456585
2018-06-02,14.86963292
2018-06-03,7.294787575
2018-06-04,7.780034982
2018-06-05,8.094751717
2018-06-06,11.13757635
2018-06-07,9.474034699
2018-06-08,14.79814301
2018-06-09,9.653148237
2018-06-10,6.990200454
2018-06-11,7.418085011
2018-06-12,11.82086468
2018-06-13,11.04676921
2018-06-14,12.1673807
2018-06-15,7.574861681
2018-06-16,7.43717752
2018-06-17,10.55302962
2018-06-18,12.65388969
2018-06-19,15.81731857
2018-06-20,14.09905647
2018-06-21,9.604447343
2018-06-22,9.702445292
2018-06-23,7.487702444
2018-06-24,11.58432634
2018-06-25,15.65810488
2018-06-26,19.61769601
2018-06-27,8.407466178
2018-06-28,6.381649391
2018-06-29,6.811183432
2018-06-30,14.54470764
2018-07-01,14.21583385
2018-07-02,11.27998902
2018-07-03,7.087294996
2018-07-04,8.165218546
2018-07-05,6.648222685
2018-07-06,10.92280957
2018-07-07,13.10337524
2018-07-08,13.53272776
2018-07-09,8.436985026
2018-07-10,8.673382829
2018-07-11,6.294264979
2018-07-12,11.77959473
2018-07-13,13.79305927
2018-07-14,13.89598289
2018-07-15,7.464905292
2018-07-16,8.221875226
2018-07-17,7.391212122
2018-07-18,11.0518925
2018-07-19,12.6577352
2018-07-20,13.36437493
2018-07-21,8.226201236
2018-07-22,7.26421488
2018-07-23,9.338893481
2018-07-24,11.10604481
2018-07-25,15.38354885
2018-07-26,13.11926419
2018-07-27,6.189472512
2018-07-28,5.502602305
2018-07-29,8.100842459
2018-07-30,10.49040008
2018-07-31,16.732815
2018-08-01,14.2700331
2018-08-02,6.553882675
2018-08-03,8.289688147
2018-08-04,10.20539107
2018-08-05,12.11997286
2018-08-06,14.51405116
2018-08-07,14.810533
2018-08-08,7.257729816
2018-08-09,11.32115023
2018-08-10,9.700107244
2018-08-11,14.53172045
2018-08-12,13.04155289
2018-08-13,18.8112657
2018-08-14,11.72101868
2018-08-15,8.713721897
2018-08-16,9.816395471
2018-08-17,17.7158673
2018-08-18,16.78061614
2018-08-19,19.89144704
2018-08-20,9.047243092
2018-08-21,7.883377677
2018-08-22,9.319693828
2018-08-23,14.89126587
2018-08-24,15.47401113
2018-08-25,13.798798
2018-08-26,10.987334
2018-08-27,6.095992465
2018-08-28,9.436270424
2018-08-29,14.71433979
2018-08-30,18.03184044
2018-08-31,18.73242857
2018-09-01,8.455819085
2018-09-02,19.12242614
2018-09-03,23.24672268
2018-09-04,33.92935018
2018-09-05,31.91342832
2018-09-06,35.2689513
2018-09-07,21.51344573
2018-09-08,21.13131595
2018-09-09,20.07011599
2018-09-10,31.42717006
2018-09-11,34.3667331
2018-09-12,27.37657609
2018-09-13,22.14310827
2018-09-14,22.15347889
2018-09-15,22.07915775
2018-09-16,31.63587891
2018-09-17,32.00866644
2018-09-18,31.93088549
2018-09-19,22.89453899
2018-09-20,18.39108477
2018-09-21,23.39927818
2018-09-22,27.02058519
2018-09-23,29.50471026
2018-09-24,31.3782569
2018-09-25,22.58566362
2018-09-26,17.04456243
2018-09-27,25.4082451
2018-09-28,29.87297288
2018-09-29,30.33917238
2018-09-30,35.20178316
2018-10-01,20.00839211
2018-10-02,15.72153523
2018-10-03,20.17978511
2018-10-04,23.2893779
2018-10-05,31.33526493
2018-10-06,27.93537027
2018-10-07,17.18866412
2018-10-08,18.79487806
2018-10-09,15.28983951
2018-10-10,22.19943348
2018-10-11,34.2664518
2018-10-12,25.41200153
2018-10-13,14.96831867
2018-10-14,16.04187354
2018-10-15,18.9037042
2018-10-16,29.95154007
2018-10-17,25.24255923
2018-10-18,26.83547031
2018-10-19,17.90385299
2018-10-20,18.841504
2018-10-21,17.30725061
2018-10-22,30.63960996
2018-10-23,26.6199393
2018-10-24,26.17897182
2018-10-25,17.25130912
2018-10-26,16.21948003
2018-10-27,16.17383361
2018-10-28,25.83417253
2018-10-29,20.27846008
2018-10-30,27.47371887
2018-10-31,16.3684065
2018-11-01,19.43164967
2018-11-02,19.67563694
2018-11-03,26.8109519
2018-11-04,31.98042198
2018-11-05,31.61798194
2018-11-06,18.11276323
2018-11-07,21.78013113
2018-11-08,26.45026038
2018-11-09,28.7649658
2018-11-10,33.51859322
2018-11-11,30.17278441
2018-11-12,21.91590229
2018-11-13,25.27708929
2018-11-14,25.80642402
2018-11-15,29.75082404
2018-11-16,36.91459888
2018-11-17,32.52498845
2018-11-18,18.36833189
2018-11-19,24.61473436
2018-11-20,22.62295519
2018-11-21,31.40644148
2018-11-22,31.43940861
2018-11-23,36.4958621
2018-11-24,18.10002166
2018-11-25,20.52889386
2018-11-26,25.60323389
2018-11-27,33.42655541
2018-11-28,32.39413837
2018-11-29,35.05730765
2018-11-30,20.85159163
2018-12-01,22.35218194
2018-12-02,17.10373236
2018-12-03,22.69795361
2018-12-04,31.27276058
2018-12-05,22.11506235
2018-12-06,13.74891154
2018-12-07,18.16882396
2018-12-08,17.6760834
2018-12-09,21.43783172
2018-12-10,24.91191908
2018-12-11,26.84244911
2018-12-12,16.57912107
2018-12-13,18.50340352
2018-12-14,18.36220313
2018-12-15,19.52575172
2018-12-16,25.59016734
2018-12-17,23.83225636
2018-12-18,15.90300136
2018-12-19,14.83588968
2018-12-20,18.01553274
2018-12-21,31.50055069
2018-12-22,28.90571018
2018-12-23,24.85044916
2018-12-24,18.47986272
2018-12-25,17.1635564
2018-12-26,13.14599663
2018-12-27,21.89329335
2018-12-28,22.85487333
2018-12-29,87.79127415
2018-12-30,84.52016104
2018-12-31,74.32256359
2019-01-01,76.19911967
2019-01-02,27.76832001
2019-01-03,32.34198605
2019-01-04,31.04517588
2019-01-05,21.80520756
2019-01-06,17.42397745
2019-01-07,24.62426192
2019-01-08,29.26365768
2019-01-09,31.5380255
2019-01-10,33.30552598
2019-01-11,18.28557383
2019-01-12,19.64819871
2019-01-13,23.53178397
2019-01-14,26.98507678
2019-01-15,31.57701273
2019-01-16,32.20970148
2019-01-17,20.77052783
2019-01-18,17.55389899
2019-01-19,16.655166
2019-01-20,28.22442872
2019-01-21,33.48879364
2019-01-22,28.21336553
2019-01-23,18.99847447
2019-01-24,25.77173175
2019-01-25,20.37812296
2019-01-26,30.57600058
2019-01-27,32.47005831
2019-01-28,37.38496743
2019-01-29,16.32994695
2019-01-30,20.4649865
2019-01-31,25.20958187
2019-02-01,30.41715833
2019-02-02,32.98644611
2019-02-03,35.38836242
2019-02-04,19.96291222
2019-02-05,21.51148047
2019-02-06,25.97317629
2019-02-07,28.90233142
2019-02-08,33.14755023
2019-02-09,30.94455422
2019-02-10,18.30293604
2019-02-11,19.41581844
2019-02-12,21.21086478
2019-02-13,32.5704996
2019-02-14,24.76316706
2019-02-15,38.00859841
2019-02-16,24.64783964
2019-02-17,20.96233017
2019-02-18,24.31708635
2019-02-19,27.32754858
2019-02-20,33.77010223
2019-02-21,35.18427451
2019-02-22,17.74060669
2019-02-23,27.54257871
2019-02-24,22.05913368
2019-02-25,33.44961314
2019-02-26,26.73571108
2019-02-27,32.43643523
2019-02-28,21.20375958
2019-03-01,25.69973702
2019-03-02,24.13959725
2019-03-03,33.38394599
2019-03-04,33.19850347
2019-03-05,32.67066561
2019-03-06,20.73530336
2019-03-07,21.42560458
2019-03-08,25.27413677
2019-03-09,34.55300634
2019-03-10,24.62596265
2019-03-11,35.01094921
2019-03-12,22.9014828
2019-03-13,23.92439277
2019-03-14,25.10646536
2019-03-15,33.07027827
2019-03-16,33.76022249
2019-03-17,34.98738631
2019-03-18,22.84562736
2019-03-19,25.62854841
2019-03-20,17.79352224
2019-03-21,29.15935954
2019-03-22,37.17078761
2019-03-23,34.19654559
2019-03-24,23.02835752
2019-03-25,23.87540515
2019-03-26,22.39871612
2019-03-27,33.35793463
2019-03-28,37.17329996
2019-03-29,30.93701401
2019-03-30,21.36445473
2019-03-31,24.90974965
2019-04-01,22.86998211
2019-04-02,29.44759687
2019-04-03,27.47140592
2019-04-04,34.06922057
2019-04-05,28.88707867
2019-04-06,26.81822778
2019-04-07,25.23894229
2019-04-08,33.385837
2019-04-09,39.2708804
2019-04-10,29.59034264
2019-04-11,20.15608714
2019-04-12,22.42994706
2019-04-13,17.45856044
2019-04-14,33.98414532
2019-04-15,34.50343342
2019-04-16,38.58207595
2019-04-17,24.29183221
2019-04-18,27.39180167
2019-04-19,25.32524402
2019-04-20,25.9946801
2019-04-21,33.37953929
2019-04-22,39.53867822
2019-04-23,22.92193804
2019-04-24,21.39847268
2019-04-25,22.42634505
2019-04-26,35.01519889
2019-04-27,33.70207783
2019-04-28,34.09994236
2019-04-29,21.85459797
2019-04-30,26.64582291
2019-05-01,23.22594135
2019-05-02,28.46610456
2019-05-03,31.70281706
2019-05-04,34.0090593
2019-05-05,16.86225034
2019-05-06,24.62971139
2019-05-07,28.35198875
2019-05-08,28.00689095
2019-05-09,36.42209671
2019-05-10,33.71503981
2019-05-11,19.52384576
2019-05-12,27.02574568
2019-05-13,22.49779734
2019-05-14,30.28635071
2019-05-15,34.66837866
2019-05-16,29.3199026
2019-05-17,24.11068503
2019-05-18,27.03604194
2019-05-19,19.00815708
2019-05-20,32.62875825
2019-05-21,33.08937053
2019-05-22,30.99043128
2019-05-23,23.32289303
2019-05-24,17.61580618
2019-05-25,31.92977183
2019-05-26,31.12887546
2019-05-27,30.82752634
2019-05-28,39.13511422
2019-05-29,25.13036601
2019-05-30,24.95231714
2019-05-31,24.07039751
2019-06-01,28.77336557
2019-06-02,21.08213847
2019-06-03,18.55153869
2019-06-04,12.88316811
2019-06-05,9.925525696
2019-06-06,15.87544327
2019-06-07,21.4103311
2019-06-08,22.90866522
2019-06-09,22.25576829
2019-06-10,15.56871007
2019-06-11,13.80511156
2019-06-12,15.35867297
2019-06-13,17.4054887
2019-06-14,21.25300018
2019-06-15,19.46828838
2019-06-16,12.67820568
2019-06-17,13.37580359
2019-06-18,12.76449671
2019-06-19,18.47088822
2019-06-20,21.25622117
2019-06-21,21.02341311
2019-06-22,10.74547832
2019-06-23,14.49942506
2019-06-24,11.76042184
2019-06-25,18.52512462
2019-06-26,17.09176738
2019-06-27,24.05853594
2019-06-28,13.21000633
2019-06-29,10.1214365
2019-06-30,12.49459684
2019-07-01,15.52837442
2019-07-02,18.34235121
2019-07-03,19.64514113
2019-07-04,14.24153686
2019-07-05,11.8463184
2019-07-06,14.06681188
2019-07-07,16.21885131
2019-07-08,19.98023959
2019-07-09,24.33489559
2019-07-10,12.72030971
2019-07-11,12.82102886
2019-07-12,11.55393295
2019-07-13,19.26584673
2019-07-14,19.71528362
2019-07-15,21.18019957
2019-07-16,11.68199746
2019-07-17,12.36730144
2019-07-18,15.31712391
2019-07-19,16.36692187
2019-07-20,14.89435032
2019-07-21,25.71227516
2019-07-22,12.59754068
2019-07-23,10.40617864
2019-07-24,10.40615143
2019-07-25,15.82930377
2019-07-26,18.92963788
2019-07-27,19.25951717
2019-07-28,13.01840868
2019-07-29,11.21320269
2019-07-30,12.37636553
2019-07-31,20.88206912
2019-08-01,21.24174434
2019-08-02,27.49035625
2019-08-03,12.59685645
2019-08-04,13.47405041
2019-08-05,16.60058143
2019-08-06,19.60005243
2019-08-07,24.09752987
2019-08-08,20.13160392
2019-08-09,11.25435228
2019-08-10,15.69229733
2019-08-11,21.61535463
2019-08-12,20.67393403
2019-08-13,25.01159182
2019-08-14,26.30817093
2019-08-15,13.32486635
2019-08-16,12.07573368
2019-08-17,18.05435905
2019-08-18,22.54111131
2019-08-19,25.73723193
2019-08-20,30.6353392
2019-08-21,16.66123162
2019-08-22,14.34836005
2019-08-23,14.25011893
2019-08-24,20.18993344
2019-08-25,20.50384341
2019-08-26,27.37312736
2019-08-27,15.78469933
2019-08-28,15.56101408
2019-08-29,18.4941102
2019-08-30,20.28782475
2019-08-31,19.9398626
2019-09-01,23.18204613
2019-09-02,27.29134008
2019-09-03,30.11045802
2019-09-04,32.14840107
2019-09-05,40.05853572
2019-09-06,43.93098121
2019-09-07,45.41265575
2019-09-08,31.19900092
2019-09-09,33.71713371
2019-09-10,30.27233156
2019-09-11,44.33016297
2019-09-12,43.90579052
2019-09-13,48.00415286
2019-09-14,27.9970913
2019-09-15,27.66839033
2019-09-16,35.67248339
2019-09-17,48.00051884
2019-09-18,50.0090017
2019-09-19,41.97465736
2019-09-20,37.77601581
2019-09-21,28.83965819
2019-09-22,35.6992212
2019-09-23,38.94881819
2019-09-24,41.63177141
2019-09-25,33.30320658
2019-09-26,28.30721426
2019-09-27,29.69964796
2019-09-28,30.06869261
2019-09-29,45.72226896
2019-09-30,43.59447033
2019-10-01,50.55583654
2019-10-02,21.70772275
2019-10-03,25.87650313
2019-10-04,25.94542875
2019-10-05,30.99848425
2019-10-06,39.12650483
2019-10-07,36.08522325
2019-10-08,30.69963348
2019-10-09,21.23305879
2019-10-10,30.10322161
2019-10-11,35.84077713
2019-10-12,44.04142249
2019-10-13,42.94784545
2019-10-14,25.99850641
2019-10-15,25.21007601
2019-10-16,22.19617521
2019-10-17,37.55270939
2019-10-18,35.49132813
2019-10-19,42.85009404
2019-10-20,25.9951707
2019-10-21,26.45262996
2019-10-22,27.04475668
2019-10-23,39.0136396
2019-10-24,34.67628974
2019-10-25,41.59851554
2019-10-26,29.47232533
2019-10-27,26.67153815
2019-10-28,27.35593812
2019-10-29,36.98175622
2019-10-30,35.67434511
2019-10-31,34.93729026
2019-11-01,27.94214533
2019-11-02,31.87851416
2019-11-03,31.13615589
2019-11-04,41.60914974
2019-11-05,42.70100425
2019-11-06,38.48463127
2019-11-07,38.10753846
2019-11-08,28.12306123
2019-11-09,30.63684863
2019-11-10,36.82155449
2019-11-11,44.20438168
2019-11-12,40.2395817
2019-11-13,34.69429725
2019-11-14,29.33778082
2019-11-15,30.31661721
2019-11-16,38.82566863
2019-11-17,40.96406011
2019-11-18,44.66249839
2019-11-19,25.74449996
2019-11-20,30.01344932
2019-11-21,28.75679422
2019-11-22,38.0117049
2019-11-23,40.07594047
2019-11-24,46.05822598
2019-11-25,32.33990341
2019-11-26,29.62756382
2019-11-27,31.81859935
2019-11-28,39.08108124
2019-11-29,40.41790352
2019-11-30,44.3705711
2019-12-01,26.83972904
2019-12-02,25.34258341
2019-12-03,25.40334253
2019-12-04,34.91791492
2019-12-05,36.06650768
2019-12-06,43.79734686
2019-12-07,21.1429131
2019-12-08,25.03335756
2019-12-09,25.01409557
2019-12-10,42.72306551
2019-12-11,35.9999936
2019-12-12,42.78841815
2019-12-13,19.88591807
2019-12-14,25.35725988
2019-12-15,27.36435987
2019-12-16,31.76702016
2019-12-17,37.02035643
2019-12-18,39.42222635
2019-12-19,28.65051167
2019-12-20,22.65999083
2019-12-21,25.39737532
2019-12-22,35.93485251
2019-12-23,36.83829249
2019-12-24,36.8576262
2019-12-25,32.9495692
2019-12-26,21.84338385
2019-12-27,24.55217575
2019-12-28,31.92370899
2019-12-29,100.191648
2019-12-30,129.6416966
2019-12-31,86.59467258
2020-01-01,92.01427255
2020-01-02,28.55711496
2020-01-03,37.05422265
2020-01-04,37.57305649
2020-01-05,42.74191851
2020-01-06,24.83371481
2020-01-07,29.56774377
2020-01-08,30.57411854
2020-01-09,35.22552018
2020-01-10,35.76156054
2020-01-11,37.62635277
2020-01-12,28.71932606
2020-01-13,33.8853672
2020-01-14,28.47551773
2020-01-15,39.5686199
2020-01-16,39.82092812
2020-01-17,37.38078376
2020-01-18,24.65468721
2020-01-19,34.07308543
2020-01-20,31.02684141
2020-01-21,38.15810836
2020-01-22,38.72711196
2020-01-23,46.10582764
2020-01-24,32.98945447
2020-01-25,34.65849674
2020-01-26,27.35288072
2020-01-27,43.46955454
2020-01-28,41.52043804
2020-01-29,44.25098603
2020-01-30,30.85031156
2020-01-31,25.96430163
2020-02-01,31.7351081
2020-02-02,34.29538792
2020-02-03,40.90027621
2020-02-04,39.75876785
2020-02-05,31.17897442
2020-02-06,25.60033407
2020-02-07,28.11360073
2020-02-08,39.95605031
2020-02-09,43.53545877
2020-02-10,41.12615816
2020-02-11,37.87784618
2020-02-12,32.61937018
2020-02-13,39.36318139
2020-02-14,42.33405964
2020-02-15,41.97766303
2020-02-16,41.46702811
2020-02-17,28.84535472
2020-02-18,28.90377352
2020-02-19,33.53028742
2020-02-20,45.21857186
2020-02-21,43.28731643
2020-02-22,44.87602537
2020-02-23,28.98483704
2020-02-24,32.91216601
2020-02-25,30.08568723
2020-02-26,44.48537917
2020-02-27,44.76697539
2020-02-28,45.76569482
2020-02-29,33.61524994
2020-03-01,31.51114394
2020-03-02,29.49255104
2020-03-03,49.58634508
2020-03-04,44.03553514
2020-03-05,47.25032525
2020-03-06,29.43954366
2020-03-07,33.05421947
2020-03-08,35.50668121
2020-03-09,40.98772305
2020-03-10,44.49404331
2020-03-11,39.01918686
2020-03-12,28.6974799
2020-03-13,30.08196739
2020-03-14,31.66837998
2020-03-15,38.12543865
2020-03-16,99.98644374
2020-03-17,86.30692619
2020-03-18,76.30949692
2020-03-19,68.77320848
2020-03-20,77.07834373
2020-03-21,99.76080115
2020-03-22,98.55149354
2020-03-23,107.3077605
2020-03-24,64.71880599
2020-03-25,64.40692555
2020-03-26,58.04313835
2020-03-27,88.72599458
2020-03-28,87.41701422
2020-03-29,76.233631
2020-03-30,81.60921878
2020-03-31,50.92527161
2020-04-01,70.82019234
2020-04-02,75.1166293
2020-04-03,89.24537631
2020-04-04,78.37291388
2020-04-05,64.3401458
2020-04-06,58.51368634
2020-04-07,67.58538231
2020-04-08,70.50746714
2020-04-09,89.81085228
2020-04-10,99.00486972
2020-04-11,64.57925633
2020-04-12,64.64219823
2020-04-13,61.34600758
2020-04-14,89.01159043
2020-04-15,74.78437601
2020-04-16,75.6003146
2020-04-17,58.85716063
2020-04-18,57.96156074
2020-04-19,59.38938168
2020-04-20,74.2904772
2020-04-21,73.39518361
2020-04-22,74.9344576
2020-04-23,54.23187319
2020-04-24,52.69679751
2020-04-25,61.59784468
2020-04-26,66.87403661
2020-04-27,75.00981176
2020-04-28,72.15013592
2020-04-29,52.45673505
2020-04-30,53.33643476
2020-05-01,66.61130866
2020-05-02,61.56639569
2020-05-03,60.07629902
2020-05-04,65.83451358
2020-05-05,54.43529066
2020-05-06,50.12762678
2020-05-07,47.72404911
2020-05-08,60.58924443
2020-05-09,56.93783929
2020-05-10,76.32606689
2020-05-11,50.45207905
2020-05-12,53.89195047
2020-05-13,42.86342675
2020-05-14,59.1942435
2020-05-15,68.82460025
2020-05-16,59.36567279
2020-05-17,47.43118356
2020-05-18,51.10624897
2020-05-19,51.3023512
2020-05-20,59.50136009
2020-05-21,54.59500623
2020-05-22,61.52598708
2020-05-23,47.47871745
2020-05-24,42.16413527
2020-05-25,51.43259034
2020-05-26,54.0490278
2020-05-27,62.00205667
2020-05-28,65.60271492
2020-05-29,37.2953199
2020-05-30,57.17678238
2020-05-31,46.23224665
2020-06-01,45.66927866
2020-06-02,34.04591643
2020-06-03,41.25820961
2020-06-04,25.82335935
2020-06-05,26.17965171
2020-06-06,29.58841538
2020-06-07,38.36932347
2020-06-08,43.57582054
2020-06-09,45.0453866
2020-06-10,32.25073977
2020-06-11,33.38670824
2020-06-12,22.553471
2020-06-13,37.72078269
2020-06-14,41.43842695
2020-06-15,41.56887068
2020-06-16,29.80873789
2020-06-17,31.69045825
2020-06-18,27.95272423
2020-06-19,33.82387862
2020-06-20,43.86141342
2020-06-21,39.18890041
2020-06-22,22.44971221
2020-06-23,30.30922227
2020-06-24,21.07643917
2020-06-25,31.38357758
2020-06-26,34.61046749
2020-06-27,31.28507936
2020-06-28,22.08669773
2020-06-29,21.81289548
2020-06-30,30.0006028
2020-07-01,36.11197515
2020-07-02,27.10178502
2020-07-03,30.1525743
2020-07-04,26.68798595
2020-07-05,16.30738
2020-07-06,20.50166228
2020-07-07,25.12622829
2020-07-08,28.61624318
2020-07-09,29.13422956
2020-07-10,19.5655257
2020-07-11,22.48110344
2020-07-12,24.14886998
2020-07-13,24.15872189
2020-07-14,32.52689649
2020-07-15,32.83376876
2020-07-16,19.09164057
2020-07-17,22.23067991
2020-07-18,22.34950084
2020-07-19,24.3339743
2020-07-20,31.59777603
2020-07-21,29.49726857
2020-07-22,20.72703227
2020-07-23,19.58607061
2020-07-24,16.75503858
2020-07-25,33.1842641
2020-07-26,29.54079116
2020-07-27,30.5503249
2020-07-28,22.1526112
2020-07-29,20.4383835
2020-07-30,18.26106268
2020-07-31,29.58859264
2020-08-01,32.96007645
2020-08-02,33.57896936
2020-08-03,26.88707073
2020-08-04,26.3458851
2020-08-05,20.18282881
2020-08-06,31.69375736
2020-08-07,33.20092033
2020-08-08,29.72037076
2020-08-09,18.46834138
2020-08-10,21.96106219
2020-08-11,20.17417284
2020-08-12,29.76598766
2020-08-13,30.69530712
2020-08-14,27.73324799
2020-08-15,24.19674967
2020-08-16,23.5982163
2020-08-17,25.87391971
2020-08-18,27.57585129
2020-08-19,26.72472463
2020-08-20,33.01604629
2020-08-21,18.72961258
2020-08-22,16.42887811
2020-08-23,22.78646241
2020-08-24,37.15999798
2020-08-25,33.61426395
2020-08-26,35.93562559
2020-08-27,22.41853562
2020-08-28,22.17535067
2020-08-29,20.04245137
2020-08-30,23.84494485
2020-08-31,32.86451268
2020-09-01,58.76844121
2020-09-02,43.09786811
2020-09-03,46.60992096
2020-09-04,46.90711296
2020-09-05,52.6074658
2020-09-06,55.25196023
2020-09-07,56.9298989
2020-09-08,35.62844935
2020-09-09,42.16669415
2020-09-10,35.20572302
2020-09-11,55.97847297
2020-09-12,52.63906479
2020-09-13,59.87894857
2020-09-14,41.03589347
2020-09-15,43.72552967
2020-09-16,44.96754719
2020-09-17,53.16685378
2020-09-18,53.68707659
2020-09-19,62.70193089
2020-09-20,40.09347089
2020-09-21,41.53028854
2020-09-22,42.83307911
2020-09-23,61.85994492
2020-09-24,54.38505537
2020-09-25,61.70992635
2020-09-26,44.45454236
2020-09-27,43.68510819
2020-09-28,42.85943173
2020-09-29,52.65449395
2020-09-30,51.09601984
2020-10-01,54.14293443
2020-10-02,34.3438676
2020-10-03,33.0717121
2020-10-04,37.715696
2020-10-05,39.20882832
2020-10-06,42.88426627
2020-10-07,50.40262305
2020-10-08,34.17165007
2020-10-09,37.30376814
2020-10-10,32.44036377
2020-10-11,43.4452534
2020-10-12,48.9405377
2020-10-13,45.12547152
2020-10-14,40.09302421
2020-10-15,42.6473851
2020-10-16,35.30856485
2020-10-17,39.83335935
2020-10-18,49.89053333
2020-10-19,45.79868715
2020-10-20,36.00846841
2020-10-21,35.68211552
2020-10-22,37.92638583
2020-10-23,43.5905002
2020-10-24,57.61437332
2020-10-25,48.37211399
2020-10-26,35.7829118
2020-10-27,34.82430552
2020-10-28,38.44311919
2020-10-29,48.82218536
2020-10-30,52.02076804
2020-10-31,56.5157357
2020-11-01,37.55170488
2020-11-02,36.26861423
2020-11-03,43.18276681
2020-11-04,53.95244423
2020-11-05,56.41399456
2020-11-06,52.73177912
2020-11-07,38.19059834
2020-11-08,40.07574451
2020-11-09,35.58057439
2020-11-10,55.65813289
2020-11-11,58.62452268
2020-11-12,60.89349863
2020-11-13,40.3008163
2020-11-14,39.60990962
2020-11-15,41.32899525
2020-11-16,50.36890402
2020-11-17,54.62537356
2020-11-18,52.45436832
2020-11-19,41.77596623
2020-11-20,38.14716141
2020-11-21,43.39179466
2020-11-22,49.08228263
2020-11-23,61.47465711
2020-11-24,59.65940676
2020-11-25,39.82101053
2020-11-26,41.34799395
2020-11-27,43.11788168
2020-11-28,55.20097143
2020-11-29,57.10461219
2020-11-30,54.50806454
2020-12-01,36.04603974
2020-12-02,34.78608356
2020-12-03,39.27796747
2020-12-04,44.3933077
2020-12-05,50.88937853
2020-12-06,47.8171177
2020-12-07,35.50416303
2020-12-08,29.33984494
2020-12-09,37.98121851
2020-12-10,44.00564163
2020-12-11,49.58861951
2020-12-12,43.97330916
2020-12-13,39.02314957
2020-12-14,31.56421667
2020-12-15,40.74531238
2020-12-16,39.40547773
2020-12-17,49.34617917
2020-12-18,49.30899797
2020-12-19,34.73408409
2020-12-20,28.46236859
2020-12-21,35.09253561
2020-12-22,45.28299784
2020-12-23,42.13827068
2020-12-24,53.65859465
2020-12-25,34.41928182
2020-12-26,33.27538501
2020-12-27,38.15648169
2020-12-28,40.70428203
2020-12-29,142.4330799
2020-12-30,137.7578068
2020-12-31,107.0437451
2021-01-01,112.8130503
2021-01-02,38.1375104
2021-01-03,48.96107144
2021-01-04,56.03582918
2021-01-05,54.90439752
2021-01-06,39.48386511
2021-01-07,41.7068803
2021-01-08,38.97296799
2021-01-09,49.05088697
2021-01-10,54.50251497
2021-01-11,43.41482672
2021-01-12,42.70437527
2021-01-13,41.6266206
2021-01-14,41.66898414
2021-01-15,48.55432803
2021-01-16,50.38160451
2021-01-17,49.25416883
2021-01-18,36.9465944
2021-01-19,43.18901769
2021-01-20,46.42585137
2021-01-21,48.71054147
2021-01-22,50.94336379
2021-01-23,51.4704041
2021-01-24,41.15576142
2021-01-25,43.0090221
2021-01-26,37.38490977
2021-01-27,52.78937448
2021-01-28,55.03171134
2021-01-29,66.75121658
2021-01-30,36.62649608
2021-01-31,28.6937703
2021-02-01,39.62602186
2021-02-02,51.81150285
2021-02-03,56.61545664
2021-02-04,53.49355023
2021-02-05,33.59888721
2021-02-06,37.90849761
2021-02-07,39.13566583
2021-02-08,48.53110212
2021-02-09,55.46457158
2021-02-10,63.5165482
2021-02-11,42.17440406
2021-02-12,44.83526926
2021-02-13,44.58064557
2021-02-14,54.16962178
2021-02-15,58.778046
2021-02-16,58.36838349
2021-02-17,38.52535069
2021-02-18,39.64770753
2021-02-19,39.64808542
2021-02-20,60.37279597
2021-02-21,58.41530207
2021-02-22,55.28909099
2021-02-23,37.62092247
2021-02-24,42.6025466
2021-02-25,42.45675102
2021-02-26,54.95252404
2021-02-27,64.43887534
2021-02-28,56.58708772
2021-03-01,44.4556276
2021-03-02,38.88222872
2021-03-03,40.53857823
2021-03-04,44.63647944
2021-03-05,50.99798865
2021-03-06,58.53363129
2021-03-07,43.92151219
2021-03-08,35.50389914
2021-03-09,45.5496222
2021-03-10,57.21333714
2021-03-11,62.36166084
2021-03-12,66.17138866
2021-03-13,39.4996064
2021-03-14,47.31938641
2021-03-15,44.17565752
2021-03-16,56.36629294
2021-03-17,57.85859356
2021-03-18,59.57772347
2021-03-19,37.35605513
2021-03-20,42.77877721
2021-03-21,41.38962031
2021-03-22,55.44603281
2021-03-23,57.48726049
2021-03-24,51.62128663
2021-03-25,43.13753539
2021-03-26,39.81395762
2021-03-27,43.35307666
2021-03-28,61.00105423
2021-03-29,58.84894269
2021-03-30,53.83172513
2021-03-31,50.71620566
2021-04-01,37.60270258
2021-04-02,36.1827952
2021-04-03,50.24265955
2021-04-04,57.15839136
2021-04-05,55.25633488
2021-04-06,43.63952933
2021-04-07,43.05838333
2021-04-08,41.23523902
2021-04-09,53.8658836
2021-04-10,55.58741854
2021-04-11,61.73037848
2021-04-12,42.57198831
2021-04-13,37.70790846
2021-04-14,42.04828847
2021-04-15,48.00990039
2021-04-16,58.45476148
2021-04-17,57.71058245
2021-04-18,42.95626406
2021-04-19,48.65793677
2021-04-20,40.94822594
2021-04-21,55.12059296
2021-04-22,61.68922185
2021-04-23,55.98955344
2021-04-24,36.65674017
2021-04-25,36.90525691
2021-04-26,43.02715801
2021-04-27,50.37305767
2021-04-28,48.82912126
2021-04-29,62.02284931
2021-04-30,47.73919141
2021-05-01,39.18511088
2021-05-02,41.38643968
2021-05-03,51.50610101
2021-05-04,47.15842647
2021-05-05,61.66565051
2021-05-06,40.32754873
2021-05-07,40.41786173
2021-05-08,44.75924648
2021-05-09,55.29604902
2021-05-10,52.80242065
2021-05-11,63.07089161
2021-05-12,47.03685248
2021-05-13,44.50331447
2021-05-14,42.7576048
2021-05-15,50.10105519
2021-05-16,48.31273886
2021-05-17,53.69564585
2021-05-18,42.30609461
2021-05-19,48.09395139
2021-05-20,41.08975466
2021-05-21,52.43547845
2021-05-22,52.85927013
2021-05-23,57.76531423
2021-05-24,44.10908544
2021-05-25,43.19920498
2021-05-26,40.56844399
2021-05-27,50.98605727
2021-05-28,55.33585442
2021-05-29,51.53351317
2021-05-30,44.5775444
2021-05-31,44.69470602
2021-06-01,27.87773619
2021-06-02,38.08069502
2021-06-03,44.04080955
2021-06-04,44.00138537
2021-06-05,26.42841647
2021-06-06,25.12150325
2021-06-07,25.3601035
2021-06-08,35.83653564
2021-06-09,50.97032944
2021-06-10,46.08187593
2021-06-11,27.63322402
2021-06-12,28.77035821
2021-06-13,25.37571534
2021-06-14,35.18967878
2021-06-15,37.09622813
2021-06-16,45.51680233
2021-06-17,27.52369277
2021-06-18,28.00755083
2021-06-19,31.4169409
2021-06-20,42.72413277
2021-06-21,46.26297862
2021-06-22,42.66906498
2021-06-23,30.31713752
2021-06-24,30.64342353
2021-06-25,28.05088607
2021-06-26,37.04535802
2021-06-27,38.90856404
2021-06-28,45.45924724
2021-06-29,27.55641272
2021-06-30,24.6111279
2021-07-01,26.68416364
2021-07-02,33.38890723
2021-07-03,31.40053226
2021-07-04,38.74570484
2021-07-05,21.64160227
2021-07-06,28.03277249
2021-07-07,28.18636664
2021-07-08,38.60245749
2021-07-09,41.89615499
2021-07-10,41.85724281
2021-07-11,27.56333803
2021-07-12,22.71897198
2021-07-13,29.3339052
2021-07-14,33.66565413
2021-07-15,38.51980615
2021-07-16,41.52174066
2021-07-17,26.20422691
2021-07-18,27.25357279
2021-07-19,27.68005268
2021-07-20,33.41031927
2021-07-21,35.84868458
2021-07-22,35.98554477
2021-07-23,30.77325785
2021-07-24,25.16825158
2021-07-25,29.37148012
2021-07-26,36.12024091
2021-07-27,37.29316081
2021-07-28,39.83429333
2021-07-29,28.94358996
2021-07-30,28.05530075
2021-07-31,22.9896017
2021-08-01,38.39580224
2021-08-02,43.48644308
2021-08-03,38.11037898
2021-08-04,23.41817101
2021-08-05,34.07503618
2021-08-06,33.55873751
2021-08-07,47.91719892
2021-08-08,46.06072804
2021-08-09,40.79352876
2021-08-10,29.67629295
2021-08-11,28.45291903
2021-08-12,33.78437712
2021-08-13,44.96469408
2021-08-14,46.54982027
2021-08-15,51.58478216
2021-08-16,32.50124059
2021-08-17,33.472605
2021-08-18,26.73223728
2021-08-19,38.90677823
2021-08-20,47.99017651
2021-08-21,45.48252402
2021-08-22,34.63208675
2021-08-23,29.68236635
2021-08-24,29.75883925
2021-08-25,42.31895539
2021-08-26,41.88129464
2021-08-27,40.29629515
2021-08-28,33.05949169
2021-08-29,29.45746886
2021-08-30,31.00755828
2021-08-31,44.79143381
2021-09-01,70.89405151
2021-09-02,69.79015523
2021-09-03,54.29203917
2021-09-04,52.64327028
2021-09-05,46.52355651
2021-09-06,76.52436139
2021-09-07,65.6585778
2021-09-08,57.53813141
2021-09-09,47.85772242
2021-09-10,49.5849246
2021-09-11,49.84930379
2021-09-12,62.27307826
2021-09-13,74.54191635
2021-09-14,76.45187003
2021-09-15,48.4476214
2021-09-16,50.95359153
2021-09-17,54.82098435
2021-09-18,63.23295423
2021-09-19,78.05949349
2021-09-20,67.80309476
2021-09-21,59.35113629
2021-09-22,51.742966
2021-09-23,52.55021438
2021-09-24,65.97237652
2021-09-25,74.0864404
2021-09-26,66.34705047
2021-09-27,56.18033687
2021-09-28,49.38259129
2021-09-29,46.43003816
2021-09-30,59.44062154
2021-10-01,60.14264286
2021-10-02,60.00434032
2021-10-03,52.07937941
2021-10-04,38.81472391
2021-10-05,48.11199516
2021-10-06,64.86294386
2021-10-07,65.84144938
2021-10-08,59.13729756
2021-10-09,42.65720393
2021-10-10,44.49261094
2021-10-11,45.10267702
2021-10-12,54.79762842
2021-10-13,66.48309333
2021-10-14,59.67081174
2021-10-15,41.17993706
2021-10-16,57.12975939
2021-10-17,54.47371808
2021-10-18,55.52556323
2021-10-19,65.91868434
2021-10-20,65.15538025
2021-10-21,39.82406413
2021-10-22,44.48500229
2021-10-23,45.17263718
2021-10-24,59.28064228
2021-10-25,65.88606775
2021-10-26,69.5674497
2021-10-27,43.46044563
2021-10-28,51.2641462
2021-10-29,41.65594904
2021-10-30,55.94388579
2021-10-31,59.07064344
2021-11-01,66.59909166
2021-11-02,51.47751965
2021-11-03,52.53169778
2021-11-04,55.57590006
2021-11-05,70.25456362
2021-11-06,67.3893348
2021-11-07,73.46847893
2021-11-08,47.12313402
2021-11-09,55.76634968
2021-11-10,49.56181555
2021-11-11,72.36572672
2021-11-12,71.76771154
2021-11-13,73.15332057
2021-11-14,50.4984547
2021-11-15,51.05577511
2021-11-16,55.63315721
2021-11-17,80.73520961
2021-11-18,72.2437825
2021-11-19,72.87852752
2021-11-20,46.32427733
2021-11-21,53.22167669
2021-11-22,52.12027244
2021-11-23,62.5324971
2021-11-24,74.55457012
2021-11-25,80.50730696
2021-11-26,53.30716373
2021-11-27,53.99344956
2021-11-28,50.7339157
2021-11-29,65.94159488
2021-11-30,78.14216326
2021-12-01,72.43337472
2021-12-02,46.38521367
2021-12-03,49.75457939
2021-12-04,44.43309383
2021-12-05,60.74219131
2021-12-06,66.23601827
2021-12-07,63.59600873
2021-12-08,45.76331641
2021-12-09,45.27694684
2021-12-10,48.82162453
2021-12-11,63.87923819
2021-12-12,58.94500053
2021-12-13,59.03743883
2021-12-14,43.45630033
2021-12-15,41.14389552
2021-12-16,48.49126621
2021-12-17,61.61414974
2021-12-18,67.71434644
2021-12-19,56.13327859
2021-12-20,44.60533601
2021-12-21,41.09039959
2021-12-22,46.98854565
2021-12-23,59.8056393
2021-12-24,70.75442836
2021-12-25,75.98067489
2021-12-26,49.23962388
2021-12-27,38.44541512
2021-12-28,45.59540374
2021-12-29,146.700386
2021-12-30,153.6040335
2021-12-31,160.8540585
2022-01-01,144.4721193
2022-01-02,43.29495559
2022-01-03,48.62260141
2022-01-04,66.86581453
2022-01-05,69.87094676
2022-01-06,72.01822136
2022-01-07,50.45217525
2022-01-08,53.84421756
2022-01-09,50.24359289
2022-01-10,69.07448433
2022-01-11,64.67223897
2022-01-12,67.87181732
2022-01-13,47.27358351
2022-01-14,50.02886869
2022-01-15,55.11079964
2022-01-16,74.10435619
2022-01-17,68.18755083
2022-01-18,72.89982409
2022-01-19,53.79733487
2022-01-20,59.91378814
2022-01-21,47.03960885
2022-01-22,75.18089597
2022-01-23,66.5222755
2022-01-24,67.66348028
2022-01-25,53.66935817
2022-01-26,45.03377874
2022-01-27,47.72748467
2022-01-28,60.28740493
2022-01-29,77.97106302
2022-01-30,71.78479456
2022-01-31,51.98899955
2022-02-01,52.44150787
2022-02-02,65.035218
2022-02-03,65.33091072
2022-02-04,74.0601155
2022-02-05,66.06714365
2022-02-06,53.13361411
2022-02-07,49.61337225
2022-02-08,54.54211517
2022-02-09,66.9712824
2022-02-10,59.32884004
2022-02-11,69.39511485
2022-02-12,56.30664681
2022-02-13,49.42571146
2022-02-14,56.06835306
2022-02-15,67.88138073
2022-02-16,71.2074681
2022-02-17,63.94409276
2022-02-18,58.62492596
2022-02-19,49.17812458
2022-02-20,60.39231478
2022-02-21,68.12555397
2022-02-22,72.07240989
2022-02-23,69.07377261
2022-02-24,51.18444468
2022-02-25,61.02601961
2022-02-26,44.66414914
2022-02-27,70.24180072
2022-02-28,58.24809647
2022-03-01,80.76809522
2022-03-02,56.07830977
2022-03-03,55.06482239
2022-03-04,58.03435314
2022-03-05,74.70207363
2022-03-06,73.54388029
2022-03-07,66.77146724
2022-03-08,47.32759006
2022-03-09,63.74864772
2022-03-10,54.00229936
2022-03-11,77.51202993
2022-03-12,77.45428735
2022-03-13,74.67811462
2022-03-14,54.3086619
2022-03-15,52.88080315
2022-03-16,66.61532664
2022-03-17,62.62507446
2022-03-18,71.27978633
2022-03-19,66.30697469
2022-03-20,54.00122978
2022-03-21,56.03525781
2022-03-22,44.01049075
2022-03-23,79.57239161
2022-03-24,76.59299664
2022-03-25,68.61683289
2022-03-26,61.43639306
2022-03-27,50.08604859
2022-03-28,57.66672343
2022-03-29,73.63438867
2022-03-30,69.08547309
2022-03-31,67.55451882
2022-04-01,46.18730689
2022-04-02,57.68363778
2022-04-03,52.5081529
2022-04-04,63.08500541
2022-04-05,62.80650115
2022-04-06,71.72392297
2022-04-07,49.46124475
2022-04-08,53.7907066
2022-04-09,55.40000836
2022-04-10,59.90602488
2022-04-11,73.89772208
2022-04-12,64.26059754
2022-04-13,51.77575278
2022-04-14,59.99965796
2022-04-15,53.83355602
2022-04-16,68.23792129
2022-04-17,73.00157455
2022-04-18,69.76799005
2022-04-19,60.5444063
2022-04-20,49.49823171
2022-04-21,57.4365619
2022-04-22,59.10318171
2022-04-23,66.75040046
2022-04-24,80.29196995
2022-04-25,49.61850788
2022-04-26,51.72112619
2022-04-27,60.68009911
2022-04-28,70.61859553
2022-04-29,73.79873146
2022-04-30,68.55971547
2022-05-01,50.58878854
2022-05-02,53.99313373
2022-05-03,50.200564
2022-05-04,61.22222376
2022-05-05,68.79722992
2022-05-06,68.17314658
2022-05-07,53.54448354
2022-05-08,54.99848932
2022-05-09,49.9802454
2022-05-10,71.05599225
2022-05-11,69.23961838
2022-05-12,66.08755592
2022-05-13,53.73650865
2022-05-14,64.58561741
2022-05-15,60.03363322
2022-05-16,64.69094652
2022-05-17,67.70453715
2022-05-18,78.58777208
2022-05-19,51.51674178
2022-05-20,47.50439487
2022-05-21,55.60830586
2022-05-22,59.16916891
2022-05-23,72.3183131
2022-05-24,62.57468692
2022-05-25,58.48441099
2022-05-26,50.82896848
2022-05-27,53.87117573
2022-05-28,66.36444174
2022-05-29,78.964019
2022-05-30,80.90415164
2022-05-31,48.46694375
2022-06-01,41.81263714
2022-06-02,38.7046601
2022-06-03,53.53021346
2022-06-04,51.63301671
2022-06-05,52.313051
2022-06-06,33.14397042
2022-06-07,36.71159506
2022-06-08,35.62452792
2022-06-09,40.7912215
2022-06-10,52.78403862
2022-06-11,50.9368464
2022-06-12,42.36999555
2022-06-13,43.96909687
2022-06-14,41.5473405
2022-06-15,46.43977199
2022-06-16,53.7183891
2022-06-17,56.61932219
2022-06-18,31.07820112
2022-06-19,34.79375344
2022-06-20,40.64450986
2022-06-21,48.96348883
2022-06-22,46.55019338
2022-06-23,46.49847985
2022-06-24,42.63314512
2022-06-25,41.1455605
2022-06-26,40.48767025
2022-06-27,46.34526617
2022-06-28,51.48054817
2022-06-29,49.58507362
2022-06-30,42.0088842
2022-07-01,35.97422886
2022-07-02,36.49127889
2022-07-03,53.60327234
2022-07-04,43.19203029
2022-07-05,54.37423444
2022-07-06,34.02469272
2022-07-07,36.85038342
2022-07-08,40.87446217
2022-07-09,47.31067351
2022-07-10,52.49302669
2022-07-11,47.8303749
2022-07-12,32.48586569
2022-07-13,35.80928152
2022-07-14,38.57788136
2022-07-15,47.73600679
2022-07-16,47.38003511
2022-07-17,55.70316497
2022-07-18,36.74381361
2022-07-19,32.2508609
2022-07-20,41.72475088
2022-07-21,49.0993572
2022-07-22,49.67146398
2022-07-23,53.67537459
2022-07-24,34.5072858
2022-07-25,37.28031776
2022-07-26,34.93730976
2022-07-27,50.36973267
2022-07-28,57.8548449
2022-07-29,61.17862727
2022-07-30,41.61958035
2022-07-31,38.60746468
2022-08-01,38.92134274
2022-08-02,51.20285472
2022-08-03,59.91526772
2022-08-04,54.35267775
2022-08-05,40.4529234
2022-08-06,46.72505941
2022-08-07,42.41138249
2022-08-08,47.35098773
2022-08-09,53.35478888
2022-08-10,57.16421034
2022-08-11,38.79730086
2022-08-12,41.84743908
2022-08-13,41.73217433
2022-08-14,52.4091267
2022-08-15,56.75243839
2022-08-16,63.09285087
2022-08-17,38.58328349
2022-08-18,41.04845112
2022-08-19,40.48005357
2022-08-20,56.31850527
2022-08-21,57.86583576
2022-08-22,59.16240033
2022-08-23,40.7310448
2022-08-24,38.51748858
2022-08-25,44.98160548
2022-08-26,49.22200275
2022-08-27,54.56055561
2022-08-28,62.79087191
2022-08-29,44.86544454
2022-08-30,42.35328683
2022-08-31,39.43834857
2022-09-01,90.59665462
2022-09-02,89.05349983
2022-09-03,95.21323312
2022-09-04,64.61391881
2022-09-05,74.34736057
2022-09-06,63.14363542
2022-09-07,78.81252441
2022-09-08,89.67877798
2022-09-09,87.72553098
2022-09-10,69.29865919
2022-09-11,61.42945557
2022-09-12,56.51278561
2022-09-13,81.08544874
2022-09-14,76.6111713
2022-09-15,81.82641517
2022-09-16,74.68083333
2022-09-17,72.0589394
2022-09-18,76.64750078
2022-09-19,83.19037379
2022-09-20,90.05831842
2022-09-21,91.05072841
2022-09-22,68.10038595
2022-09-23,64.77019343
2022-09-24,74.36045471
2022-09-25,79.63620814
2022-09-26,83.53246439
2022-09-27,99.88753203
2022-09-28,70.79091064
2022-09-29,70.98865833
2022-09-30,74.97045962
2022-10-01,73.26795492
2022-10-02,71.42352716
2022-10-03,71.00861469
2022-10-04,60.15147679
2022-10-05,60.43121438
2022-10-06,60.84875823
2022-10-07,73.0531173
2022-10-08,77.7837111
2022-10-09,78.91899619
2022-10-10,56.05232145
2022-10-11,59.15081349
2022-10-12,62.68617171
2022-10-13,79.26935301
2022-10-14,80.83942793
2022-10-15,83.70282722
2022-10-16,57.6072961